Date,Debit,Credit,Net
12/13/2024,0.00,13.41,-13.41
12/13/2024,0.00,11.24,-11.24
12/13/2024,5.00,0.00,5.00
12/13/2024,14.88,0.00,14.88
12/13/2024,4.95,0.00,4.95
12/13/2024,0.00,9.95,-9.95
12/13/2024,43.25,0.00,43.25
12/13/2024,8.37,0.00,8.37
12/13/2024,8.83,0.00,8.83
12/13/2024,2.41,0.00,2.41
12/13/2024,5.04,0.00,5.04
12/13/2024,0.00,58.13,-58.13
12/30/2024,15.02,0.00,15.02
12/30/2024,16.52,0.00,16.52
12/30/2024,3.63,0.00,3.63
12/30/2024,5.00,0.00,5.00
12/30/2024,20.00,0.00,20.00
12/30/2024,75.00,0.00,75.00
12/30/2024,1.74,0.00,1.74
12/30/2024,55.00,0.00,55.00
12/30/2024,36.51,0.00,36.51
12/30/2024,10.73,0.00,10.73
12/30/2024,"3,198.00",0.00,"3,198.00"
12/31/2024,75.00,0.00,75.00
12/31/2024,3.40,0.00,3.40
12/31/2024,10.73,0.00,10.73
12/31/2024,0.60,0.00,0.60
12/31/2024,"2,615.00",0.00,"2,615.00"
12/31/2024,1.74,0.00,1.74
12/31/2024,5.00,0.00,5.00
12/31/2024,68.92,0.00,68.92
12/31/2024,75.58,0.00,75.58
12/31/2024,90.03,0.00,90.03
12/31/2024,1.74,0.00,1.74
12/31/2024,3.63,0.00,3.63
12/31/2024,10.73,0.00,10.73
12/31/2024,26.20,0.00,26.20
12/31/2024,30.09,0.00,30.09
12/31/2024,70.17,0.00,70.17
12/31/2024,5.00,0.00,5.00
12/31/2024,19.59,0.00,19.59
12/31/2024,11.68,0.00,11.68
12/31/2024,10.84,0.00,10.84
12/31/2024,10.73,0.00,10.73
12/31/2024,5.00,0.00,5.00
12/31/2024,1.74,0.00,1.74
12/31/2024,3.63,0.00,3.63
12/31/2024,1.74,0.00,1.74
12/31/2024,10.73,0.00,10.73
12/31/2024,42.60,0.00,42.60
12/31/2024,87.09,0.00,87.09
12/31/2024,5.00,0.00,5.00
12/31/2024,36.50,0.00,36.50
12/31/2024,3.63,0.00,3.63
1/1/2025,"2,516.66",0.00,"2,516.66"
1/1/2025,0.00,"2,516.66","-2,516.66"
1/1/2025,0.00,126.34,-126.34
1/1/2025,126.34,0.00,126.34
1/1/2025,75.00,0.00,75.00
1/1/2025,0.00,75.00,-75.00
1/1/2025,20.00,0.00,20.00
1/1/2025,0.00,20.00,-20.00
1/1/2025,811.40,0.00,811.40
1/1/2025,0.00,811.40,-811.40
1/1/2025,"2,181.75",0.00,"2,181.75"
1/1/2025,0.00,"2,181.75","-2,181.75"
1/1/2025,0.00,36.25,-36.25
1/1/2025,36.25,0.00,36.25
1/1/2025,0.00,"2,603.00","-2,603.00"
1/1/2025,"2,603.00",0.00,"2,603.00"
1/1/2025,55.00,0.00,55.00
1/1/2025,0.00,55.00,-55.00
1/1/2025,75.00,0.00,75.00
1/1/2025,0.00,75.00,-75.00
1/1/2025,"2,615.00",0.00,"2,615.00"
1/1/2025,0.00,"2,615.00","-2,615.00"
1/1/2025,75.00,0.00,75.00
1/1/2025,0.00,75.00,-75.00
1/1/2025,5.28,0.00,5.28
1/1/2025,0.00,5.28,-5.28
1/1/2025,0.00,"1,400.00","-1,400.00"
1/1/2025,"1,400.00",0.00,"1,400.00"
1/1/2025,0.00,"1,196.72","-1,196.72"
1/1/2025,"1,196.72",0.00,"1,196.72"
1/1/2025,40.00,0.00,40.00
1/1/2025,0.00,40.00,-40.00
1/1/2025,75.00,0.00,75.00
1/1/2025,0.00,75.00,-75.00
1/1/2025,0.00,20.00,-20.00
1/1/2025,20.00,0.00,20.00
1/1/2025,"3,198.00",0.00,"3,198.00"
1/1/2025,0.00,"3,198.00","-3,198.00"
1/1/2025,55.00,0.00,55.00
1/1/2025,0.00,55.00,-55.00
1/1/2025,0.00,75.00,-75.00
1/1/2025,75.00,0.00,75.00
1/1/2025,20.00,0.00,20.00
1/1/2025,0.00,20.00,-20.00
1/1/2025,0.00,"2,163.00","-2,163.00"
1/1/2025,"2,163.00",0.00,"2,163.00"
1/1/2025,75.00,0.00,75.00
1/1/2025,0.00,75.00,-75.00
1/1/2025,20.00,0.00,20.00
1/1/2025,0.00,20.00,-20.00
1/1/2025,"2,050.00",0.00,"2,050.00"
1/1/2025,0.00,"2,050.00","-2,050.00"
1/1/2025,20.00,0.00,20.00
1/1/2025,0.00,20.00,-20.00
1/1/2025,"2,050.00",0.00,"2,050.00"
1/1/2025,0.00,"2,050.00","-2,050.00"
1/1/2025,75.00,0.00,75.00
1/1/2025,0.00,75.00,-75.00
1/1/2025,20.00,0.00,20.00
1/1/2025,0.00,20.00,-20.00
1/1/2025,0.00,148.27,-148.27
1/1/2025,148.27,0.00,148.27
1/1/2025,150.00,0.00,150.00
1/1/2025,0.00,150.00,-150.00
1/1/2025,28.01,0.00,28.01
1/1/2025,0.00,28.01,-28.01
1/1/2025,55.00,0.00,55.00
1/1/2025,0.00,55.00,-55.00
1/1/2025,20.00,0.00,20.00
1/1/2025,0.00,20.00,-20.00
1/1/2025,0.00,20.00,-20.00
1/1/2025,20.00,0.00,20.00
1/1/2025,75.00,0.00,75.00
1/1/2025,0.00,75.00,-75.00
1/1/2025,20.00,0.00,20.00
1/1/2025,0.00,20.00,-20.00
1/1/2025,827.50,0.00,827.50
1/1/2025,"1,700.00",0.00,"1,700.00"
1/1/2025,20.00,0.00,20.00
1/1/2025,5.00,0.00,5.00
1/1/2025,75.00,0.00,75.00
1/1/2025,"1,554.50",0.00,"1,554.50"
1/1/2025,55.00,0.00,55.00
1/1/2025,1.74,0.00,1.74
1/1/2025,29.81,0.00,29.81
1/1/2025,10.73,0.00,10.73
1/1/2025,68.39,0.00,68.39
1/1/2025,52.82,0.00,52.82
1/1/2025,40.00,0.00,40.00
1/1/2025,99.00,0.00,99.00
1/1/2025,"2,209.00",0.00,"2,209.00"
1/1/2025,75.00,0.00,75.00
1/1/2025,40.00,0.00,40.00
1/1/2025,5.00,0.00,5.00
1/1/2025,64.78,0.00,64.78
1/1/2025,3.73,0.00,3.73
1/1/2025,75.00,0.00,75.00
1/1/2025,"3,320.00",0.00,"3,320.00"
1/1/2025,"3,253.00",0.00,"3,253.00"
1/1/2025,110.00,0.00,110.00
1/1/2025,75.00,0.00,75.00
1/1/2025,"3,272.00",0.00,"3,272.00"
1/1/2025,10.73,0.00,10.73
1/1/2025,113.27,0.00,113.27
1/1/2025,30.90,0.00,30.90
1/1/2025,75.00,0.00,75.00
1/1/2025,1.74,0.00,1.74
1/1/2025,3.63,0.00,3.63
1/1/2025,24.54,0.00,24.54
1/1/2025,21.63,0.00,21.63
1/1/2025,5.00,0.00,5.00
1/1/2025,20.00,0.00,20.00
1/1/2025,40.00,0.00,40.00
1/1/2025,55.00,0.00,55.00
1/1/2025,"3,978.00",0.00,"3,978.00"
1/1/2025,15.12,0.00,15.12
1/1/2025,10.73,0.00,10.73
1/1/2025,46.66,0.00,46.66
1/1/2025,3.63,0.00,3.63
1/1/2025,16.64,0.00,16.64
1/1/2025,1.74,0.00,1.74
1/1/2025,5.00,0.00,5.00
1/1/2025,"2,034.00",0.00,"2,034.00"
1/1/2025,75.00,0.00,75.00
1/1/2025,75.00,0.00,75.00
1/1/2025,14.93,0.00,14.93
1/1/2025,16.40,0.00,16.40
1/1/2025,5.00,0.00,5.00
1/1/2025,29.39,0.00,29.39
1/1/2025,1.74,0.00,1.74
1/1/2025,"2,229.00",0.00,"2,229.00"
1/1/2025,10.73,0.00,10.73
1/1/2025,3.63,0.00,3.63
1/1/2025,20.00,0.00,20.00
1/1/2025,"2,296.00",0.00,"2,296.00"
1/1/2025,20.00,0.00,20.00
1/1/2025,75.00,0.00,75.00
1/1/2025,75.00,0.00,75.00
1/1/2025,1.74,0.00,1.74
1/1/2025,29.50,0.00,29.50
1/1/2025,5.00,0.00,5.00
1/1/2025,"2,349.00",0.00,"2,349.00"
1/1/2025,10.73,0.00,10.73
1/1/2025,25.72,0.00,25.72
1/1/2025,3.63,0.00,3.63
1/1/2025,47.02,0.00,47.02
1/1/2025,3.63,0.00,3.63
1/1/2025,"2,380.00",0.00,"2,380.00"
1/1/2025,2.98,0.00,2.98
1/1/2025,1.74,0.00,1.74
1/1/2025,5.00,0.00,5.00
1/1/2025,24.40,0.00,24.40
1/1/2025,2.95,0.00,2.95
1/1/2025,10.73,0.00,10.73
1/1/2025,75.00,0.00,75.00
1/1/2025,14.16,0.00,14.16
1/1/2025,100.00,0.00,100.00
1/1/2025,75.00,0.00,75.00
1/1/2025,13.07,0.00,13.07
1/1/2025,3.63,0.00,3.63
1/1/2025,1.74,0.00,1.74
1/1/2025,5.00,0.00,5.00
1/1/2025,"2,454.00",0.00,"2,454.00"
1/1/2025,61.09,0.00,61.09
1/1/2025,10.73,0.00,10.73
1/1/2025,53.23,0.00,53.23
1/1/2025,39.03,0.00,39.03
1/1/2025,53.42,0.00,53.42
1/1/2025,929.90,0.00,929.90
1/1/2025,"2,363.94",0.00,"2,363.94"
1/1/2025,1.74,0.00,1.74
1/1/2025,3.63,0.00,3.63
1/1/2025,15.48,0.00,15.48
1/1/2025,29.03,0.00,29.03
1/1/2025,63.13,0.00,63.13
1/1/2025,15.97,0.00,15.97
1/1/2025,10.73,0.00,10.73
1/1/2025,87.63,0.00,87.63
1/1/2025,21.77,0.00,21.77
1/1/2025,70.97,0.00,70.97
1/1/2025,5.00,0.00,5.00
1/1/2025,90.00,0.00,90.00
1/1/2025,5.00,0.00,5.00
1/1/2025,"3,089.00",0.00,"3,089.00"
1/1/2025,101.52,0.00,101.52
1/1/2025,3.63,0.00,3.63
1/1/2025,10.73,0.00,10.73
1/1/2025,40.47,0.00,40.47
1/1/2025,1.74,0.00,1.74
1/1/2025,75.00,0.00,75.00
1/1/2025,34.75,0.00,34.75
1/1/2025,"4,204.00",0.00,"4,204.00"
1/1/2025,17.28,0.00,17.28
1/1/2025,3.63,0.00,3.63
1/1/2025,90.00,0.00,90.00
1/1/2025,0.58,0.00,0.58
1/1/2025,1.74,0.00,1.74
1/1/2025,10.73,0.00,10.73
1/1/2025,0.47,0.00,0.47
1/1/2025,5.00,0.00,5.00
1/1/2025,"3,305.00",0.00,"3,305.00"
1/1/2025,10.42,0.00,10.42
1/1/2025,67.32,0.00,67.32
1/1/2025,10.73,0.00,10.73
1/1/2025,5.00,0.00,5.00
1/1/2025,1.74,0.00,1.74
1/1/2025,3.63,0.00,3.63
1/1/2025,11.21,0.00,11.21
1/1/2025,75.00,0.00,75.00
1/1/2025,75.00,0.00,75.00
1/1/2025,20.00,0.00,20.00
1/1/2025,5.00,0.00,5.00
1/1/2025,"2,400.00",0.00,"2,400.00"
1/1/2025,3.63,0.00,3.63
1/1/2025,"3,535.00",0.00,"3,535.00"
1/1/2025,33.30,0.00,33.30
1/1/2025,54.14,0.00,54.14
1/1/2025,38.70,0.00,38.70
1/1/2025,75.00,0.00,75.00
1/1/2025,55.00,0.00,55.00
1/1/2025,25.00,0.00,25.00
1/1/2025,26.65,0.00,26.65
1/1/2025,10.73,0.00,10.73
1/1/2025,5.00,0.00,5.00
1/1/2025,1.74,0.00,1.74
1/1/2025,10.73,0.00,10.73
1/1/2025,52.72,0.00,52.72
1/1/2025,1.74,0.00,1.74
1/1/2025,"3,411.00",0.00,"3,411.00"
1/1/2025,5.00,0.00,5.00
1/1/2025,21.36,0.00,21.36
1/1/2025,19.01,0.00,19.01
1/1/2025,75.00,0.00,75.00
1/1/2025,3.63,0.00,3.63
1/1/2025,18.88,0.00,18.88
1/1/2025,75.00,0.00,75.00
1/1/2025,"3,237.00",0.00,"3,237.00"
1/1/2025,26.36,0.00,26.36
1/1/2025,3.63,0.00,3.63
1/1/2025,40.00,0.00,40.00
1/1/2025,10.73,0.00,10.73
1/1/2025,16.97,0.00,16.97
1/1/2025,90.00,0.00,90.00
1/1/2025,5.00,0.00,5.00
1/1/2025,1.74,0.00,1.74
1/1/2025,10.73,0.00,10.73
1/1/2025,40.07,0.00,40.07
1/1/2025,"3,460.00",0.00,"3,460.00"
1/1/2025,1.74,0.00,1.74
1/1/2025,3.63,0.00,3.63
1/1/2025,33.88,0.00,33.88
1/1/2025,75.00,0.00,75.00
1/1/2025,45.00,0.00,45.00
1/1/2025,39.41,0.00,39.41
1/1/2025,5.00,0.00,5.00
1/1/2025,75.00,0.00,75.00
1/1/2025,10.73,0.00,10.73
1/1/2025,"3,339.00",0.00,"3,339.00"
1/1/2025,7.08,0.00,7.08
1/1/2025,3.63,0.00,3.63
1/1/2025,6.70,0.00,6.70
1/1/2025,30.63,0.00,30.63
1/1/2025,5.00,0.00,5.00
1/1/2025,1.74,0.00,1.74
1/1/2025,55.00,0.00,55.00
1/1/2025,45.42,0.00,45.42
1/1/2025,22.41,0.00,22.41
1/1/2025,75.00,0.00,75.00
1/1/2025,3.63,0.00,3.63
1/1/2025,1.74,0.00,1.74
1/1/2025,10.73,0.00,10.73
1/1/2025,"3,233.00",0.00,"3,233.00"
1/1/2025,25.49,0.00,25.49
1/1/2025,20.00,0.00,20.00
1/1/2025,5.00,0.00,5.00
1/1/2025,75.00,0.00,75.00
1/1/2025,62.69,0.00,62.69
1/1/2025,1.74,0.00,1.74
1/1/2025,150.00,0.00,150.00
1/1/2025,20.00,0.00,20.00
1/1/2025,"4,150.00",0.00,"4,150.00"
1/1/2025,5.00,0.00,5.00
1/1/2025,21.73,0.00,21.73
1/1/2025,40.00,0.00,40.00
1/1/2025,3.63,0.00,3.63
1/1/2025,24.00,0.00,24.00
1/1/2025,10.73,0.00,10.73
1/1/2025,24.66,0.00,24.66
1/1/2025,20.00,0.00,20.00
1/1/2025,75.00,0.00,75.00
1/1/2025,"3,353.00",0.00,"3,353.00"
1/1/2025,10.73,0.00,10.73
1/1/2025,31.35,0.00,31.35
1/1/2025,3.63,0.00,3.63
1/1/2025,20.00,0.00,20.00
1/1/2025,75.00,0.00,75.00
1/1/2025,11.56,0.00,11.56
1/1/2025,5.00,0.00,5.00
1/1/2025,1.74,0.00,1.74
1/1/2025,10.74,0.00,10.74
1/1/2025,"2,511.00",0.00,"2,511.00"
1/1/2025,"2,343.00",0.00,"2,343.00"
1/1/2025,75.00,0.00,75.00
1/1/2025,3.63,0.00,3.63
1/1/2025,15.32,0.00,15.32
1/1/2025,10.73,0.00,10.73
1/1/2025,20.00,0.00,20.00
1/1/2025,5.00,0.00,5.00
1/1/2025,55.00,0.00,55.00
1/1/2025,1.74,0.00,1.74
1/1/2025,16.38,0.00,16.38
1/1/2025,18.17,0.00,18.17
1/1/2025,37.96,0.00,37.96
1/1/2025,68.92,0.00,68.92
1/1/2025,"2,574.00",0.00,"2,574.00"
1/1/2025,10.73,0.00,10.73
1/1/2025,3.63,0.00,3.63
1/1/2025,4.00,0.00,4.00
1/1/2025,54.65,0.00,54.65
1/1/2025,44.37,0.00,44.37
1/1/2025,1.74,0.00,1.74
1/1/2025,500.00,0.00,500.00
1/1/2025,3.63,0.00,3.63
1/1/2025,40.00,0.00,40.00
1/1/2025,20.00,0.00,20.00
1/1/2025,29.31,0.00,29.31
1/1/2025,33.87,0.00,33.87
1/1/2025,5.00,0.00,5.00
1/1/2025,1.74,0.00,1.74
1/1/2025,10.73,0.00,10.73
1/1/2025,42.03,0.00,42.03
1/1/2025,"2,298.00",0.00,"2,298.00"
1/1/2025,75.00,0.00,75.00
1/1/2025,55.00,0.00,55.00
1/1/2025,20.00,0.00,20.00
1/1/2025,"2,287.00",0.00,"2,287.00"
1/1/2025,5.00,0.00,5.00
1/1/2025,10.73,0.00,10.73
1/1/2025,27.27,0.00,27.27
1/1/2025,19.59,0.00,19.59
1/1/2025,52.90,0.00,52.90
1/1/2025,20.00,0.00,20.00
1/1/2025,3.63,0.00,3.63
1/1/2025,10.73,0.00,10.73
1/1/2025,5.00,0.00,5.00
1/1/2025,75.00,0.00,75.00
1/1/2025,"2,365.00",0.00,"2,365.00"
1/1/2025,17.55,0.00,17.55
1/1/2025,1.74,0.00,1.74
1/1/2025,17.10,0.00,17.10
1/1/2025,20.00,0.00,20.00
1/1/2025,7.51,0.00,7.51
1/1/2025,"2,050.00",0.00,"2,050.00"
1/1/2025,10.00,0.00,10.00
1/1/2025,5.00,0.00,5.00
1/1/2025,6.14,0.00,6.14
1/1/2025,5.85,0.00,5.85
1/1/2025,1.22,0.00,1.22
1/1/2025,2.54,0.00,2.54
1/1/2025,14.75,0.00,14.75
1/1/2025,10.73,0.00,10.73
1/1/2025,"2,014.00",0.00,"2,014.00"
1/1/2025,20.00,0.00,20.00
1/1/2025,5.00,0.00,5.00
1/1/2025,3.63,0.00,3.63
1/1/2025,47.73,0.00,47.73
1/1/2025,1.74,0.00,1.74
1/1/2025,13.56,0.00,13.56
1/1/2025,20.00,0.00,20.00
1/1/2025,10.73,0.00,10.73
1/1/2025,5.00,0.00,5.00
1/1/2025,"1,971.00",0.00,"1,971.00"
1/1/2025,28.28,0.00,28.28
1/1/2025,1.74,0.00,1.74
1/1/2025,24.02,0.00,24.02
1/1/2025,21.15,0.00,21.15
1/1/2025,75.00,0.00,75.00
1/1/2025,3.63,0.00,3.63
1/1/2025,23.95,0.00,23.95
1/1/2025,38.65,0.00,38.65
1/1/2025,25.00,0.00,25.00
1/1/2025,21.34,0.00,21.34
1/1/2025,33.30,0.00,33.30
1/1/2025,"2,050.00",0.00,"2,050.00"
1/1/2025,20.00,0.00,20.00
1/1/2025,10.73,0.00,10.73
1/1/2025,5.00,0.00,5.00
1/1/2025,1.74,0.00,1.74
1/1/2025,7.28,0.00,7.28
1/1/2025,3.63,0.00,3.63
1/1/2025,75.00,0.00,75.00
1/1/2025,24.19,0.00,24.19
1/1/2025,41.50,0.00,41.50
1/1/2025,12.12,0.00,12.12
1/1/2025,75.00,0.00,75.00
1/1/2025,13.10,0.00,13.10
1/1/2025,1.74,0.00,1.74
1/1/2025,3.63,0.00,3.63
1/1/2025,10.73,0.00,10.73
1/1/2025,"2,188.00",0.00,"2,188.00"
1/1/2025,5.00,0.00,5.00
1/1/2025,0.70,0.00,0.70
1/1/2025,3.63,0.00,3.63
1/1/2025,75.00,0.00,75.00
1/1/2025,"3,332.00",0.00,"3,332.00"
1/1/2025,1.74,0.00,1.74
1/1/2025,0.59,0.00,0.59
1/1/2025,5.00,0.00,5.00
1/1/2025,10.73,0.00,10.73
1/1/2025,12.82,0.00,12.82
1/1/2025,1.74,0.00,1.74
1/1/2025,14.16,0.00,14.16
1/1/2025,40.00,0.00,40.00
1/1/2025,3.63,0.00,3.63
1/1/2025,75.00,0.00,75.00
1/1/2025,5.00,0.00,5.00
1/1/2025,10.73,0.00,10.73
1/1/2025,13.07,0.00,13.07
1/1/2025,30.28,0.00,30.28
1/1/2025,"2,721.00",0.00,"2,721.00"
1/1/2025,5.00,0.00,5.00
1/1/2025,10.73,0.00,10.73
1/1/2025,20.95,0.00,20.95
1/1/2025,55.00,0.00,55.00
1/1/2025,1.74,0.00,1.74
1/1/2025,"3,343.00",0.00,"3,343.00"
1/1/2025,23.72,0.00,23.72
1/1/2025,39.54,0.00,39.54
1/1/2025,75.00,0.00,75.00
1/1/2025,90.00,0.00,90.00
1/1/2025,3.63,0.00,3.63
1/1/2025,21.15,0.00,21.15
1/1/2025,10.73,0.00,10.73
1/1/2025,20.00,0.00,20.00
1/1/2025,70.35,0.00,70.35
1/1/2025,"3,192.00",0.00,"3,192.00"
1/1/2025,1.74,0.00,1.74
1/1/2025,3.63,0.00,3.63
1/1/2025,5.00,0.00,5.00
1/1/2025,23.95,0.00,23.95
1/1/2025,75.00,0.00,75.00
1/1/2025,55.00,0.00,55.00
1/1/2025,40.00,0.00,40.00
1/1/2025,"2,086.00",0.00,"2,086.00"
1/1/2025,75.00,0.00,75.00
1/1/2025,1.74,0.00,1.74
1/1/2025,20.00,0.00,20.00
1/1/2025,7.87,0.00,7.87
1/1/2025,3.63,0.00,3.63
1/1/2025,8.38,0.00,8.38
1/1/2025,10.73,0.00,10.73
1/1/2025,"2,998.00",0.00,"2,998.00"
1/1/2025,90.00,0.00,90.00
1/1/2025,75.00,0.00,75.00
1/1/2025,21.91,0.00,21.91
1/1/2025,5.00,0.00,5.00
1/1/2025,25.00,0.00,25.00
1/1/2025,25.00,0.00,25.00
1/1/2025,30.81,0.00,30.81
1/1/2025,5.00,0.00,5.00
1/1/2025,3.63,0.00,3.63
1/1/2025,1.74,0.00,1.74
1/1/2025,1.77,0.00,1.77
1/1/2025,1.92,0.00,1.92
1/1/2025,"2,530.00",0.00,"2,530.00"
1/1/2025,20.00,0.00,20.00
1/1/2025,10.73,0.00,10.73
1/1/2025,75.00,0.00,75.00
1/1/2025,32.24,0.00,32.24
1/1/2025,30.46,0.00,30.46
1/1/2025,20.00,0.00,20.00
1/1/2025,5.00,0.00,5.00
1/1/2025,16.00,0.00,16.00
1/1/2025,75.00,0.00,75.00
1/1/2025,"2,645.00",0.00,"2,645.00"
1/1/2025,17.70,0.00,17.70
1/1/2025,10.73,0.00,10.73
1/1/2025,3.63,0.00,3.63
1/1/2025,1.74,0.00,1.74
1/1/2025,"2,288.00",0.00,"2,288.00"
1/1/2025,52.36,0.00,52.36
1/1/2025,75.00,0.00,75.00
1/1/2025,20.00,0.00,20.00
1/1/2025,14.04,0.00,14.04
1/1/2025,12.97,0.00,12.97
1/1/2025,10.73,0.00,10.73
1/1/2025,5.00,0.00,5.00
1/1/2025,3.63,0.00,3.63
1/1/2025,1.74,0.00,1.74
1/1/2025,30.63,0.00,30.63
1/1/2025,10.74,0.00,10.74
1/1/2025,3.63,0.00,3.63
1/1/2025,"2,142.00",0.00,"2,142.00"
1/1/2025,11.56,0.00,11.56
1/1/2025,5.00,0.00,5.00
1/1/2025,10.73,0.00,10.73
1/1/2025,75.00,0.00,75.00
1/1/2025,1.74,0.00,1.74
1/1/2025,"2,547.00",0.00,"2,547.00"
1/1/2025,16.19,0.00,16.19
1/1/2025,48.80,0.00,48.80
1/1/2025,1.74,0.00,1.74
1/1/2025,17.94,0.00,17.94
1/1/2025,10.73,0.00,10.73
1/1/2025,5.00,0.00,5.00
1/1/2025,3.63,0.00,3.63
1/1/2025,524.26,0.00,524.26
1/1/2025,3.63,0.00,3.63
1/1/2025,5.00,0.00,5.00
1/1/2025,11.33,0.00,11.33
1/1/2025,1.74,0.00,1.74
1/1/2025,10.52,0.00,10.52
1/1/2025,10.73,0.00,10.73
1/1/2025,32.95,0.00,32.95
1/1/2025,"2,962.00",0.00,"2,962.00"
1/1/2025,"4,054.00",0.00,"4,054.00"
1/1/2025,20.00,0.00,20.00
1/1/2025,75.00,0.00,75.00
1/1/2025,40.00,0.00,40.00
1/1/2025,1.74,0.00,1.74
1/1/2025,20.00,0.00,20.00
1/1/2025,5.00,0.00,5.00
1/1/2025,10.73,0.00,10.73
1/1/2025,75.00,0.00,75.00
1/1/2025,3.63,0.00,3.63
1/1/2025,11.80,0.00,11.80
1/1/2025,"3,142.00",0.00,"3,142.00"
1/1/2025,31.70,0.00,31.70
1/1/2025,12.74,0.00,12.74
1/1/2025,35.00,0.00,35.00
1/1/2025,3.63,0.00,3.63
1/1/2025,75.00,0.00,75.00
1/1/2025,43.99,0.00,43.99
1/1/2025,5.00,0.00,5.00
1/1/2025,1.74,0.00,1.74
1/1/2025,16.38,0.00,16.38
1/1/2025,10.73,0.00,10.73
1/1/2025,18.17,0.00,18.17
1/1/2025,"3,738.00",0.00,"3,738.00"
1/1/2025,"2,430.00",0.00,"2,430.00"
1/1/2025,75.00,0.00,75.00
1/1/2025,3.63,0.00,3.63
1/1/2025,"2,351.00",0.00,"2,351.00"
1/1/2025,14.43,0.00,14.43
1/1/2025,3.59,0.00,3.59
1/1/2025,5.00,0.00,5.00
1/1/2025,3.62,0.00,3.62
1/1/2025,10.73,0.00,10.73
1/1/2025,1.74,0.00,1.74
1/1/2025,20.00,0.00,20.00
1/1/2025,14.73,0.00,14.73
1/1/2025,118.44,0.00,118.44
1/1/2025,1.74,0.00,1.74
1/1/2025,3.63,0.00,3.63
1/1/2025,5.00,0.00,5.00
1/1/2025,10.73,0.00,10.73
1/1/2025,110.00,0.00,110.00
1/1/2025,"3,353.00",0.00,"3,353.00"
1/1/2025,75.00,0.00,75.00
1/1/2025,16.17,0.00,16.17
1/1/2025,10.73,0.00,10.73
1/1/2025,48.62,0.00,48.62
1/1/2025,75.00,0.00,75.00
1/1/2025,1.74,0.00,1.74
1/1/2025,40.00,0.00,40.00
1/1/2025,"2,467.00",0.00,"2,467.00"
1/1/2025,22.02,0.00,22.02
1/1/2025,5.00,0.00,5.00
1/1/2025,3.63,0.00,3.63
1/1/2025,25.02,0.00,25.02
1/1/2025,20.00,0.00,20.00
1/1/2025,125.56,0.00,125.56
1/1/2025,19.20,0.00,19.20
1/1/2025,"2,768.00",0.00,"2,768.00"
1/1/2025,21.59,0.00,21.59
1/1/2025,10.73,0.00,10.73
1/1/2025,5.00,0.00,5.00
1/1/2025,75.00,0.00,75.00
1/1/2025,3.63,0.00,3.63
1/1/2025,1.74,0.00,1.74
1/1/2025,59.13,0.00,59.13
1/1/2025,10.73,0.00,10.73
1/1/2025,25.33,0.00,25.33
1/1/2025,55.00,0.00,55.00
1/1/2025,"3,212.00",0.00,"3,212.00"
1/1/2025,75.00,0.00,75.00
1/1/2025,29.03,0.00,29.03
1/1/2025,1.74,0.00,1.74
1/1/2025,20.00,0.00,20.00
1/1/2025,5.00,0.00,5.00
1/1/2025,3.63,0.00,3.63
1/1/2025,26.98,0.00,26.98
1/1/2025,10.73,0.00,10.73
1/1/2025,47.55,0.00,47.55
1/1/2025,1.74,0.00,1.74
1/1/2025,"3,225.00",0.00,"3,225.00"
1/1/2025,75.00,0.00,75.00
1/1/2025,20.00,0.00,20.00
1/1/2025,31.03,0.00,31.03
1/1/2025,5.00,0.00,5.00
1/1/2025,3.63,0.00,3.63
1/1/2025,7.26,0.00,7.26
1/1/2025,67.74,0.00,67.74
1/1/2025,35.44,0.00,35.44
1/1/2025,7.26,0.00,7.26
1/1/2025,3.63,0.00,3.63
1/1/2025,51.83,0.00,51.83
1/1/2025,67.74,0.00,67.74
1/1/2025,212.81,0.00,212.81
1/1/2025,41.30,0.00,41.30
1/1/2025,5.00,0.00,5.00
1/1/2025,1.94,0.00,1.94
1/1/2025,1.74,0.00,1.74
1/1/2025,10.73,0.00,10.73
1/1/2025,"1,928.39",0.00,"1,928.39"
1/1/2025,75.00,0.00,75.00
1/1/2025,16.40,0.00,16.40
1/1/2025,10.73,0.00,10.73
1/1/2025,3.63,0.00,3.63
1/1/2025,1.74,0.00,1.74
1/1/2025,29.39,0.00,29.39
1/1/2025,"2,612.00",0.00,"2,612.00"
1/1/2025,14.93,0.00,14.93
1/1/2025,5.00,0.00,5.00
1/1/2025,8.82,0.00,8.82
1/1/2025,5.00,0.00,5.00
1/1/2025,10.73,0.00,10.73
1/1/2025,1.74,0.00,1.74
1/1/2025,9.44,0.00,9.44
1/1/2025,38.11,0.00,38.11
1/1/2025,"2,815.00",0.00,"2,815.00"
1/1/2025,75.00,0.00,75.00
1/1/2025,3.63,0.00,3.63
1/1/2025,"1,800.00",0.00,"1,800.00"
1/1/2025,820.16,0.00,820.16
1/1/2025,10.73,0.00,10.73
1/1/2025,670.84,0.00,670.84
1/1/2025,18.53,0.00,18.53
1/1/2025,25.00,0.00,25.00
1/1/2025,3.63,0.00,3.63
1/1/2025,1.74,0.00,1.74
1/1/2025,25.00,0.00,25.00
1/1/2025,25.09,0.00,25.09
1/1/2025,29.39,0.00,29.39
1/1/2025,5.00,0.00,5.00
1/1/2025,75.00,0.00,75.00
1/1/2025,20.00,0.00,20.00
1/1/2025,55.00,0.00,55.00
1/1/2025,16.68,0.00,16.68
1/1/2025,18.37,0.00,18.37
1/1/2025,1.74,0.00,1.74
1/1/2025,10.73,0.00,10.73
1/1/2025,20.00,0.00,20.00
1/1/2025,23.01,0.00,23.01
1/1/2025,20.37,0.00,20.37
1/1/2025,"2,549.00",0.00,"2,549.00"
1/1/2025,3.63,0.00,3.63
1/1/2025,5.00,0.00,5.00
1/1/2025,17.10,0.00,17.10
1/1/2025,49.80,0.00,49.80
1/1/2025,25.00,0.00,25.00
1/1/2025,10.73,0.00,10.73
1/1/2025,5.00,0.00,5.00
1/1/2025,57.17,0.00,57.17
1/1/2025,42.43,0.00,42.43
1/1/2025,40.00,0.00,40.00
1/1/2025,12.82,0.00,12.82
1/1/2025,1.74,0.00,1.74
1/1/2025,3.63,0.00,3.63
1/1/2025,20.00,0.00,20.00
1/1/2025,"3,429.00",0.00,"3,429.00"
1/1/2025,"2,391.00",0.00,"2,391.00"
1/1/2025,35.00,0.00,35.00
1/1/2025,16.74,0.00,16.74
1/1/2025,75.00,0.00,75.00
1/1/2025,30.09,0.00,30.09
1/1/2025,26.20,0.00,26.20
1/1/2025,25.00,0.00,25.00
1/1/2025,10.73,0.00,10.73
1/1/2025,1.74,0.00,1.74
1/1/2025,5.00,0.00,5.00
1/1/2025,5.00,0.00,5.00
1/1/2025,20.00,0.00,20.00
1/1/2025,24.02,0.00,24.02
1/1/2025,3.63,0.00,3.63
1/1/2025,6.14,0.00,6.14
1/1/2025,10.73,0.00,10.73
1/1/2025,17.81,0.00,17.81
1/1/2025,"2,523.00",0.00,"2,523.00"
1/1/2025,75.00,0.00,75.00
1/1/2025,1.74,0.00,1.74
1/1/2025,3.63,0.00,3.63
1/1/2025,5.00,0.00,5.00
1/1/2025,5.85,0.00,5.85
1/1/2025,8.29,0.00,8.29
1/1/2025,10.73,0.00,10.73
1/1/2025,5.00,0.00,5.00
1/1/2025,41.14,0.00,41.14
1/1/2025,"3,313.00",0.00,"3,313.00"
1/1/2025,75.00,0.00,75.00
1/1/2025,20.00,0.00,20.00
1/1/2025,1.74,0.00,1.74
1/1/2025,8.85,0.00,8.85
1/1/2025,3.63,0.00,3.63
1/1/2025,22.96,0.00,22.96
1/1/2025,17.94,0.00,17.94
1/1/2025,3.63,0.00,3.63
1/1/2025,16.19,0.00,16.19
1/1/2025,75.00,0.00,75.00
1/1/2025,5.00,0.00,5.00
1/1/2025,1.74,0.00,1.74
1/1/2025,25.00,0.00,25.00
1/1/2025,20.00,0.00,20.00
1/1/2025,"2,634.00",0.00,"2,634.00"
1/1/2025,10.73,0.00,10.73
1/1/2025,27.61,0.00,27.61
1/2/2025,10.00,0.00,10.00
1/2/2025,2.24,0.00,2.24
1/2/2025,2.86,0.00,2.86
1/2/2025,0.46,0.00,0.46
1/2/2025,0.97,0.00,0.97
1/2/2025,2.35,0.00,2.35
1/2/2025,6.41,0.00,6.41
1/2/2025,20.00,0.00,20.00
1/2/2025,5.00,0.00,5.00
1/2/2025,"2,285.00",0.00,"2,285.00"
1/2/2025,"2,110.00",0.00,"2,110.00"
1/2/2025,5.00,0.00,5.00
1/2/2025,9.79,0.00,9.79
1/2/2025,9.14,0.00,9.14
1/2/2025,75.00,0.00,75.00
1/2/2025,10.73,0.00,10.73
1/2/2025,20.00,0.00,20.00
1/2/2025,1.74,0.00,1.74
1/2/2025,20.30,0.00,20.30
1/2/2025,3.63,0.00,3.63
1/2/2025,31.70,0.00,31.70
1/2/2025,25.00,0.00,25.00
1/2/2025,10.97,0.00,10.97
1/2/2025,"4,103.00",0.00,"4,103.00"
1/2/2025,10.20,0.00,10.20
1/2/2025,5.00,0.00,5.00
1/2/2025,10.73,0.00,10.73
1/2/2025,3.63,0.00,3.63
1/2/2025,28.28,0.00,28.28
1/2/2025,75.00,0.00,75.00
1/2/2025,1.74,0.00,1.74
1/2/2025,"2,605.94",0.00,"2,605.94"
1/2/2025,10.73,0.00,10.73
1/2/2025,20.48,0.00,20.48
1/2/2025,1.74,0.00,1.74
1/2/2025,58.06,0.00,58.06
1/2/2025,737.94,0.00,737.94
1/2/2025,5.00,0.00,5.00
1/2/2025,1.30,0.00,1.30
1/2/2025,3.63,0.00,3.63
1/2/2025,1.47,0.00,1.47
1/2/2025,16.94,0.00,16.94
1/2/2025,15.48,0.00,15.48
1/2/2025,10.73,0.00,10.73
1/2/2025,5.00,0.00,5.00
1/2/2025,64.12,0.00,64.12
1/2/2025,15.22,0.00,15.22
1/2/2025,3.63,0.00,3.63
1/2/2025,1.74,0.00,1.74
1/2/2025,"3,855.00",0.00,"3,855.00"
1/2/2025,100.00,0.00,100.00
1/2/2025,75.00,0.00,75.00
1/2/2025,55.00,0.00,55.00
1/2/2025,13.95,0.00,13.95
1/2/2025,46.48,0.00,46.48
1/2/2025,10.73,0.00,10.73
1/2/2025,1.74,0.00,1.74
1/2/2025,7.44,0.00,7.44
1/2/2025,75.00,0.00,75.00
1/2/2025,"2,616.00",0.00,"2,616.00"
1/2/2025,20.00,0.00,20.00
1/2/2025,5.00,0.00,5.00
1/2/2025,3.63,0.00,3.63
1/2/2025,7.91,0.00,7.91
1/2/2025,10.73,0.00,10.73
1/2/2025,6.02,0.00,6.02
1/2/2025,3.63,0.00,3.63
1/2/2025,1.74,0.00,1.74
1/2/2025,75.00,0.00,75.00
1/2/2025,40.00,0.00,40.00
1/2/2025,20.00,0.00,20.00
1/2/2025,"2,624.00",0.00,"2,624.00"
1/2/2025,5.74,0.00,5.74
1/2/2025,5.00,0.00,5.00
1/2/2025,28.50,0.00,28.50
1/2/2025,55.00,0.00,55.00
1/2/2025,20.00,0.00,20.00
1/2/2025,1.74,0.00,1.74
1/2/2025,15.34,0.00,15.34
1/2/2025,14.05,0.00,14.05
1/2/2025,75.00,0.00,75.00
1/2/2025,32.77,0.00,32.77
1/2/2025,"4,426.00",0.00,"4,426.00"
1/2/2025,3.63,0.00,3.63
1/2/2025,0.74,0.00,0.74
1/2/2025,10.73,0.00,10.73
1/2/2025,"2,571.14",0.00,"2,571.14"
1/2/2025,10.73,0.00,10.73
1/2/2025,25.81,0.00,25.81
1/2/2025,74.98,0.00,74.98
1/2/2025,1.74,0.00,1.74
1/2/2025,3.63,0.00,3.63
1/2/2025,29.62,0.00,29.62
1/2/2025,40.00,0.00,40.00
1/2/2025,20.00,0.00,20.00
1/2/2025,"1,609.00",0.00,"1,609.00"
1/2/2025,"1,607.17",0.00,"1,607.17"
1/2/2025,10.73,0.00,10.73
1/2/2025,5.00,0.00,5.00
1/2/2025,20.00,0.00,20.00
1/2/2025,3.63,0.00,3.63
1/2/2025,15.10,0.00,15.10
1/2/2025,20.00,0.00,20.00
1/2/2025,"2,888.00",0.00,"2,888.00"
1/2/2025,49.69,0.00,49.69
1/2/2025,13.86,0.00,13.86
1/2/2025,5.00,0.00,5.00
1/2/2025,1.74,0.00,1.74
1/2/2025,1.74,0.00,1.74
1/2/2025,10.73,0.00,10.73
1/2/2025,5.00,0.00,5.00
1/2/2025,75.00,0.00,75.00
1/2/2025,42.03,0.00,42.03
1/2/2025,29.74,0.00,29.74
1/2/2025,20.00,0.00,20.00
1/2/2025,"2,226.00",0.00,"2,226.00"
1/2/2025,3.63,0.00,3.63
1/2/2025,25.91,0.00,25.91
1/2/2025,5.00,0.00,5.00
1/2/2025,75.00,0.00,75.00
1/2/2025,1.74,0.00,1.74
1/2/2025,26.72,0.00,26.72
1/2/2025,20.00,0.00,20.00
1/2/2025,17.82,0.00,17.82
1/2/2025,"2,490.00",0.00,"2,490.00"
1/2/2025,10.73,0.00,10.73
1/2/2025,3.63,0.00,3.63
1/2/2025,16.09,0.00,16.09
1/2/2025,55.00,0.00,55.00
1/2/2025,10.73,0.00,10.73
1/2/2025,5.00,0.00,5.00
1/2/2025,1.74,0.00,1.74
1/2/2025,3.63,0.00,3.63
1/2/2025,"2,766.00",0.00,"2,766.00"
1/2/2025,20.17,0.00,20.17
1/2/2025,75.00,0.00,75.00
1/2/2025,100.00,0.00,100.00
1/2/2025,22.77,0.00,22.77
1/2/2025,112.74,0.00,112.74
1/2/2025,"1,000.00",0.00,"1,000.00"
1/2/2025,75.00,0.00,75.00
1/2/2025,39.18,0.00,39.18
1/2/2025,5.00,0.00,5.00
1/2/2025,3.63,0.00,3.63
1/2/2025,10.73,0.00,10.73
1/2/2025,1.74,0.00,1.74
1/2/2025,"3,269.00",0.00,"3,269.00"
1/2/2025,14.04,0.00,14.04
1/2/2025,12.97,0.00,12.97
1/2/2025,75.00,0.00,75.00
1/2/2025,"1,409.00",0.00,"1,409.00"
1/2/2025,55.00,0.00,55.00
1/2/2025,20.00,0.00,20.00
1/2/2025,32.81,0.00,32.81
1/2/2025,38.11,0.00,38.11
1/2/2025,3.63,0.00,3.63
1/2/2025,54.68,0.00,54.68
1/2/2025,10.73,0.00,10.73
1/2/2025,1.74,0.00,1.74
1/2/2025,5.00,0.00,5.00
1/2/2025,"2,498.00",0.00,"2,498.00"
1/2/2025,20.13,0.00,20.13
1/2/2025,1.62,0.00,1.62
1/2/2025,5.00,0.00,5.00
1/2/2025,3.63,0.00,3.63
1/2/2025,1.74,0.00,1.74
1/2/2025,10.73,0.00,10.73
1/2/2025,75.00,0.00,75.00
1/2/2025,"1,972.00",0.00,"1,972.00"
1/2/2025,1.44,0.00,1.44
1/2/2025,15.61,0.00,15.61
1/2/2025,75.00,0.00,75.00
1/2/2025,"2,482.00",0.00,"2,482.00"
1/2/2025,1.74,0.00,1.74
1/2/2025,3.63,0.00,3.63
1/2/2025,40.00,0.00,40.00
1/2/2025,10.73,0.00,10.73
1/2/2025,17.23,0.00,17.23
1/2/2025,38.29,0.00,38.29
1/2/2025,20.00,0.00,20.00
1/2/2025,5.00,0.00,5.00
1/2/2025,17.28,0.00,17.28
1/2/2025,10.73,0.00,10.73
1/2/2025,5.00,0.00,5.00
1/2/2025,14.16,0.00,14.16
1/2/2025,1.74,0.00,1.74
1/2/2025,3.63,0.00,3.63
1/2/2025,13.07,0.00,13.07
1/2/2025,"2,413.00",0.00,"2,413.00"
1/2/2025,25.37,0.00,25.37
1/2/2025,3.63,0.00,3.63
1/2/2025,75.00,0.00,75.00
1/2/2025,10.73,0.00,10.73
1/2/2025,68.39,0.00,68.39
1/2/2025,1.74,0.00,1.74
1/2/2025,40.00,0.00,40.00
1/2/2025,55.00,0.00,55.00
1/2/2025,22.31,0.00,22.31
1/2/2025,5.00,0.00,5.00
1/2/2025,75.00,0.00,75.00
1/2/2025,3.63,0.00,3.63
1/2/2025,29.74,0.00,29.74
1/2/2025,25.91,0.00,25.91
1/2/2025,1.74,0.00,1.74
1/2/2025,10.73,0.00,10.73
1/2/2025,40.00,0.00,40.00
1/2/2025,81.93,0.00,81.93
1/2/2025,5.00,0.00,5.00
1/2/2025,"2,425.00",0.00,"2,425.00"
1/2/2025,11.68,0.00,11.68
1/2/2025,3.63,0.00,3.63
1/2/2025,5.00,0.00,5.00
1/2/2025,1.74,0.00,1.74
1/2/2025,10.84,0.00,10.84
1/2/2025,20.00,0.00,20.00
1/2/2025,45.31,0.00,45.31
1/2/2025,75.00,0.00,75.00
1/2/2025,"3,243.00",0.00,"3,243.00"
1/2/2025,10.73,0.00,10.73
1/2/2025,33.13,0.00,33.13
1/2/2025,25.00,0.00,25.00
1/2/2025,"1,814.28",0.00,"1,814.28"
1/2/2025,20.00,0.00,20.00
1/2/2025,3.63,0.00,3.63
1/2/2025,45.64,0.00,45.64
1/2/2025,130.00,0.00,130.00
1/2/2025,"1,458.72",0.00,"1,458.72"
1/2/2025,1.74,0.00,1.74
1/2/2025,10.73,0.00,10.73
1/2/2025,5.00,0.00,5.00
1/2/2025,53.69,0.00,53.69
1/2/2025,85.13,0.00,85.13
1/2/2025,0.00,444.00,-444.00
1/2/2025,644.00,0.00,644.00
1/2/2025,55.00,0.00,55.00
1/2/2025,"3,376.00",0.00,"3,376.00"
1/2/2025,75.00,0.00,75.00
1/2/2025,44.17,0.00,44.17
1/2/2025,24.66,0.00,24.66
1/2/2025,8.36,0.00,8.36
1/2/2025,20.00,0.00,20.00
1/2/2025,10.73,0.00,10.73
1/2/2025,5.00,0.00,5.00
1/2/2025,1.74,0.00,1.74
1/2/2025,0.00,"2,117.42","-2,117.42"
1/2/2025,0.00,72.58,-72.58
1/2/2025,"2,190.00",0.00,"2,190.00"
1/2/2025,0.00,"180,000.00","-180,000.00"
1/3/2025,75.00,0.00,75.00
1/3/2025,1.74,0.00,1.74
1/3/2025,10.73,0.00,10.73
1/3/2025,5.00,0.00,5.00
1/3/2025,20.00,0.00,20.00
1/3/2025,40.00,0.00,40.00
1/3/2025,76.40,0.00,76.40
1/3/2025,3.63,0.00,3.63
1/3/2025,22.31,0.00,22.31
1/3/2025,25.37,0.00,25.37
1/3/2025,55.00,0.00,55.00
1/3/2025,"4,158.00",0.00,"4,158.00"
1/3/2025,57.35,0.00,57.35
1/3/2025,38.94,0.00,38.94
1/3/2025,10.73,0.00,10.73
1/3/2025,90.00,0.00,90.00
1/3/2025,75.00,0.00,75.00
1/3/2025,3.63,0.00,3.63
1/3/2025,5.00,0.00,5.00
1/3/2025,20.00,0.00,20.00
1/3/2025,33.49,0.00,33.49
1/3/2025,40.00,0.00,40.00
1/3/2025,"3,466.00",0.00,"3,466.00"
1/3/2025,1.74,0.00,1.74
1/3/2025,15.48,0.00,15.48
1/3/2025,11.61,0.00,11.61
1/3/2025,5.00,0.00,5.00
1/3/2025,"1,129.06",0.00,"1,129.06"
1/3/2025,26.55,0.00,26.55
1/3/2025,23.28,0.00,23.28
1/3/2025,21.77,0.00,21.77
1/3/2025,1.74,0.00,1.74
1/3/2025,3.63,0.00,3.63
1/3/2025,28.39,0.00,28.39
1/3/2025,53.23,0.00,53.23
1/3/2025,74.98,0.00,74.98
1/3/2025,10.73,0.00,10.73
1/3/2025,"2,870.65",0.00,"2,870.65"
1/3/2025,"2,465.00",0.00,"2,465.00"
1/3/2025,5.00,0.00,5.00
1/3/2025,10.73,0.00,10.73
1/3/2025,3.63,0.00,3.63
1/3/2025,49.33,0.00,49.33
1/3/2025,17.11,0.00,17.11
1/3/2025,1.74,0.00,1.74
1/3/2025,15.51,0.00,15.51
1/3/2025,75.00,0.00,75.00
1/3/2025,84.60,0.00,84.60
1/3/2025,10.73,0.00,10.73
1/3/2025,18.72,0.00,18.72
1/3/2025,21.00,0.00,21.00
1/3/2025,3.63,0.00,3.63
1/3/2025,5.00,0.00,5.00
1/3/2025,75.00,0.00,75.00
1/3/2025,"2,805.00",0.00,"2,805.00"
1/3/2025,1.74,0.00,1.74
1/3/2025,"2,136.00",0.00,"2,136.00"
1/3/2025,21.48,0.00,21.48
1/3/2025,5.00,0.00,5.00
1/3/2025,10.73,0.00,10.73
1/3/2025,25.65,0.00,25.65
1/3/2025,19.11,0.00,19.11
1/3/2025,1.74,0.00,1.74
1/3/2025,75.00,0.00,75.00
1/3/2025,3.63,0.00,3.63
1/3/2025,20.00,0.00,20.00
1/3/2025,25.00,0.00,25.00
1/3/2025,13.47,0.00,13.47
1/3/2025,"2,820.00",0.00,"2,820.00"
1/3/2025,10.73,0.00,10.73
1/3/2025,75.00,0.00,75.00
1/3/2025,5.00,0.00,5.00
1/3/2025,3.63,0.00,3.63
1/3/2025,22.96,0.00,22.96
1/3/2025,14.63,0.00,14.63
1/3/2025,1.74,0.00,1.74
1/3/2025,75.51,0.00,75.51
1/3/2025,75.00,0.00,75.00
1/3/2025,100.00,0.00,100.00
1/3/2025,40.00,0.00,40.00
1/3/2025,"3,076.00",0.00,"3,076.00"
1/3/2025,5.00,0.00,5.00
1/3/2025,30.46,0.00,30.46
1/3/2025,10.73,0.00,10.73
1/3/2025,1.74,0.00,1.74
1/3/2025,18.81,0.00,18.81
1/3/2025,75.00,0.00,75.00
1/3/2025,90.00,0.00,90.00
1/3/2025,"2,291.00",0.00,"2,291.00"
1/3/2025,21.12,0.00,21.12
1/3/2025,3.63,0.00,3.63
1/3/2025,20.00,0.00,20.00
1/3/2025,20.00,0.00,20.00
1/3/2025,"2,602.99",0.00,"2,602.99"
1/3/2025,75.00,0.00,75.00
1/3/2025,0.00,25.00,-25.00
1/3/2025,0.00,75.00,-75.00
1/3/2025,0.00,20.00,-20.00
1/3/2025,0.00,36.70,-36.70
1/3/2025,0.00,10.73,-10.73
1/3/2025,0.00,3.63,-3.63
1/3/2025,0.00,25.00,-25.00
1/3/2025,0.00,48.09,-48.09
1/3/2025,0.00,5.00,-5.00
1/3/2025,0.00,"2,389.00","-2,389.00"
1/3/2025,0.00,55.00,-55.00
1/3/2025,0.00,1.74,-1.74
1/3/2025,0.00,42.83,-42.83
1/3/2025,26.16,0.00,26.16
1/3/2025,3.63,0.00,3.63
1/3/2025,75.00,0.00,75.00
1/3/2025,20.00,0.00,20.00
1/3/2025,"2,460.00",0.00,"2,460.00"
1/3/2025,1.74,0.00,1.74
1/3/2025,15.90,0.00,15.90
1/3/2025,10.73,0.00,10.73
1/3/2025,58.24,0.00,58.24
1/3/2025,17.58,0.00,17.58
1/3/2025,25.00,0.00,25.00
1/3/2025,40.00,0.00,40.00
1/3/2025,3.63,0.00,3.63
1/3/2025,10.73,0.00,10.73
1/3/2025,25.00,0.00,25.00
1/3/2025,30.28,0.00,30.28
1/3/2025,35.05,0.00,35.05
1/3/2025,"3,013.00",0.00,"3,013.00"
1/3/2025,20.00,0.00,20.00
1/3/2025,1.74,0.00,1.74
1/3/2025,5.00,0.00,5.00
1/3/2025,52.36,0.00,52.36
1/3/2025,75.00,0.00,75.00
1/3/2025,50.00,0.00,50.00
1/3/2025,3.63,0.00,3.63
1/3/2025,1.74,0.00,1.74
1/3/2025,10.73,0.00,10.73
1/3/2025,5.00,0.00,5.00
1/3/2025,22.41,0.00,22.41
1/3/2025,20.00,0.00,20.00
1/3/2025,25.49,0.00,25.49
1/3/2025,35.62,0.00,35.62
1/3/2025,100.00,0.00,100.00
1/3/2025,75.00,0.00,75.00
1/3/2025,"2,445.00",0.00,"2,445.00"
1/3/2025,0.00,"80,000.00","-80,000.00"
1/4/2025,"2,216.00",0.00,"2,216.00"
1/4/2025,9.03,0.00,9.03
1/4/2025,4.79,0.00,4.79
1/4/2025,1.74,0.00,1.74
1/4/2025,40.61,0.00,40.61
1/4/2025,3.63,0.00,3.63
1/4/2025,5.00,0.00,5.00
1/4/2025,10.73,0.00,10.73
1/4/2025,33.87,0.00,33.87
1/4/2025,"1,604.58",0.00,"1,604.58"
1/4/2025,41.13,0.00,41.13
1/4/2025,4.96,0.00,4.96
1/4/2025,"1,823.39",0.00,"1,823.39"
1/4/2025,75.00,0.00,75.00
1/4/2025,"2,862.00",0.00,"2,862.00"
1/4/2025,27.08,0.00,27.08
1/4/2025,1.74,0.00,1.74
1/4/2025,5.00,0.00,5.00
1/4/2025,42.92,0.00,42.92
1/4/2025,10.73,0.00,10.73
1/4/2025,31.15,0.00,31.15
1/4/2025,3.63,0.00,3.63
1/4/2025,3.63,0.00,3.63
1/4/2025,20.76,0.00,20.76
1/4/2025,75.00,0.00,75.00
1/4/2025,5.00,0.00,5.00
1/4/2025,24.02,0.00,24.02
1/4/2025,53.61,0.00,53.61
1/4/2025,10.73,0.00,10.73
1/4/2025,"3,378.00",0.00,"3,378.00"
1/4/2025,1.74,0.00,1.74
1/4/2025,20.00,0.00,20.00
1/4/2025,23.48,0.00,23.48
1/4/2025,25.00,0.00,25.00
1/4/2025,0.00,"2,190.00","-2,190.00"
1/4/2025,"2,190.00",0.00,"2,190.00"
1/4/2025,"3,323.00",0.00,"3,323.00"
1/4/2025,"1,000.00",0.00,"1,000.00"
1/4/2025,10.73,0.00,10.73
1/4/2025,75.00,0.00,75.00
1/4/2025,6.49,0.00,6.49
1/4/2025,1.74,0.00,1.74
1/4/2025,3.63,0.00,3.63
1/4/2025,5.00,0.00,5.00
1/4/2025,"2,465.00",0.00,"2,465.00"
1/4/2025,25.82,0.00,25.82
1/4/2025,6.84,0.00,6.84
1/4/2025,1.74,0.00,1.74
1/4/2025,75.00,0.00,75.00
1/4/2025,"2,288.00",0.00,"2,288.00"
1/4/2025,10.73,0.00,10.73
1/4/2025,21.83,0.00,21.83
1/4/2025,55.00,0.00,55.00
1/4/2025,5.00,0.00,5.00
1/4/2025,3.63,0.00,3.63
1/4/2025,20.00,0.00,20.00
1/4/2025,24.78,0.00,24.78
1/4/2025,44.17,0.00,44.17
1/4/2025,9.46,0.00,9.46
1/4/2025,"2,337.00",0.00,"2,337.00"
1/4/2025,20.00,0.00,20.00
1/4/2025,10.73,0.00,10.73
1/4/2025,5.00,0.00,5.00
1/4/2025,75.00,0.00,75.00
1/4/2025,53.79,0.00,53.79
1/4/2025,10.15,0.00,10.15
1/4/2025,1.74,0.00,1.74
1/4/2025,3.63,0.00,3.63
1/5/2025,69.46,0.00,69.46
1/5/2025,"2,247.00",0.00,"2,247.00"
1/5/2025,5.00,0.00,5.00
1/5/2025,1.74,0.00,1.74
1/5/2025,3.63,0.00,3.63
1/5/2025,150.00,0.00,150.00
1/5/2025,15.10,0.00,15.10
1/5/2025,10.73,0.00,10.73
1/5/2025,13.86,0.00,13.86
1/5/2025,23.77,0.00,23.77
1/5/2025,3.63,0.00,3.63
1/5/2025,27.14,0.00,27.14
1/5/2025,1.74,0.00,1.74
1/5/2025,10.73,0.00,10.73
1/5/2025,90.00,0.00,90.00
1/5/2025,5.00,0.00,5.00
1/5/2025,"3,229.00",0.00,"3,229.00"
1/5/2025,75.00,0.00,75.00
1/5/2025,75.00,0.00,75.00
1/5/2025,41.32,0.00,41.32
1/5/2025,1.74,0.00,1.74
1/5/2025,10.73,0.00,10.73
1/5/2025,36.51,0.00,36.51
1/5/2025,20.00,0.00,20.00
1/5/2025,19.20,0.00,19.20
1/5/2025,21.59,0.00,21.59
1/5/2025,"2,556.00",0.00,"2,556.00"
1/5/2025,3.63,0.00,3.63
1/5/2025,5.00,0.00,5.00
1/5/2025,3.63,0.00,3.63
1/5/2025,5.00,0.00,5.00
1/5/2025,29.21,0.00,29.21
1/5/2025,1.74,0.00,1.74
1/5/2025,75.00,0.00,75.00
1/5/2025,37.17,0.00,37.17
1/5/2025,10.73,0.00,10.73
1/5/2025,20.00,0.00,20.00
1/5/2025,32.03,0.00,32.03
1/5/2025,3.63,0.00,3.63
1/5/2025,23.69,0.00,23.69
1/5/2025,5.00,0.00,5.00
1/5/2025,60.48,0.00,60.48
1/5/2025,48.39,0.00,48.39
1/5/2025,16.13,0.00,16.13
1/5/2025,10.73,0.00,10.73
1/5/2025,1.74,0.00,1.74
1/5/2025,12.86,0.00,12.86
1/5/2025,14.52,0.00,14.52
1/5/2025,3.87,0.00,3.87
1/5/2025,"1,862.90",0.00,"1,862.90"
1/5/2025,447.10,0.00,447.10
1/5/2025,13.92,0.00,13.92
1/5/2025,5.00,0.00,5.00
1/5/2025,75.00,0.00,75.00
1/5/2025,"3,174.00",0.00,"3,174.00"
1/5/2025,25.00,0.00,25.00
1/5/2025,43.90,0.00,43.90
1/5/2025,37.57,0.00,37.57
1/5/2025,20.00,0.00,20.00
1/5/2025,3.63,0.00,3.63
1/5/2025,1.74,0.00,1.74
1/5/2025,10.73,0.00,10.73
1/5/2025,47.38,0.00,47.38
1/5/2025,90.00,0.00,90.00
1/5/2025,26.56,0.00,26.56
1/5/2025,17.84,0.00,17.84
1/5/2025,1.74,0.00,1.74
1/5/2025,19.94,0.00,19.94
1/5/2025,20.00,0.00,20.00
1/5/2025,75.00,0.00,75.00
1/5/2025,110.00,0.00,110.00
1/5/2025,"2,220.00",0.00,"2,220.00"
1/5/2025,3.63,0.00,3.63
1/5/2025,5.00,0.00,5.00
1/5/2025,10.73,0.00,10.73
1/5/2025,50.76,0.00,50.76
1/5/2025,10.73,0.00,10.73
1/5/2025,1.74,0.00,1.74
1/5/2025,75.00,0.00,75.00
1/5/2025,49.16,0.00,49.16
1/5/2025,5.00,0.00,5.00
1/5/2025,7.91,0.00,7.91
1/5/2025,3.63,0.00,3.63
1/5/2025,7.44,0.00,7.44
1/5/2025,"2,513.00",0.00,"2,513.00"
1/5/2025,44.10,0.00,44.10
1/5/2025,25.00,0.00,25.00
1/5/2025,37.94,0.00,37.94
1/5/2025,28.08,0.00,28.08
1/5/2025,25.09,0.00,25.09
1/5/2025,10.73,0.00,10.73
1/5/2025,1.74,0.00,1.74
1/5/2025,5.00,0.00,5.00
1/5/2025,"2,507.00",0.00,"2,507.00"
1/5/2025,24.55,0.00,24.55
1/5/2025,3.63,0.00,3.63
1/5/2025,10.73,0.00,10.73
1/5/2025,1.74,0.00,1.74
1/5/2025,50.50,0.00,50.50
1/5/2025,39.00,0.00,39.00
1/5/2025,43.02,0.00,43.02
1/5/2025,35.00,0.00,35.00
1/5/2025,20.00,0.00,20.00
1/5/2025,3.63,0.00,3.63
1/5/2025,5.00,0.00,5.00
1/5/2025,25.00,0.00,25.00
1/5/2025,36.70,0.00,36.70
1/5/2025,3.63,0.00,3.63
1/5/2025,75.00,0.00,75.00
1/5/2025,10.73,0.00,10.73
1/5/2025,25.00,0.00,25.00
1/5/2025,35.34,0.00,35.34
1/5/2025,55.00,0.00,55.00
1/5/2025,75.00,0.00,75.00
1/5/2025,"2,389.00",0.00,"2,389.00"
1/5/2025,"2,389.00",0.00,"2,389.00"
1/5/2025,1.74,0.00,1.74
1/5/2025,1.74,0.00,1.74
1/5/2025,3.63,0.00,3.63
1/5/2025,10.73,0.00,10.73
1/5/2025,20.00,0.00,20.00
1/5/2025,25.00,0.00,25.00
1/5/2025,41.18,0.00,41.18
1/5/2025,53.96,0.00,53.96
1/5/2025,5.00,0.00,5.00
1/5/2025,5.00,0.00,5.00
1/5/2025,55.00,0.00,55.00
1/5/2025,48.09,0.00,48.09
1/5/2025,42.83,0.00,42.83
1/5/2025,20.00,0.00,20.00
1/5/2025,5.00,0.00,5.00
1/5/2025,10.73,0.00,10.73
1/5/2025,"2,004.00",0.00,"2,004.00"
1/5/2025,3.63,0.00,3.63
1/5/2025,5.31,0.00,5.31
1/5/2025,75.00,0.00,75.00
1/5/2025,33.30,0.00,33.30
1/5/2025,5.11,0.00,5.11
1/5/2025,100.00,0.00,100.00
1/5/2025,35.00,0.00,35.00
1/5/2025,1.74,0.00,1.74
1/6/2025,85.00,0.00,85.00
1/6/2025,20.00,0.00,20.00
1/6/2025,2.00,0.00,2.00
1/6/2025,"1,000.00",0.00,"1,000.00"
1/6/2025,143.00,0.00,143.00
1/6/2025,55.00,0.00,55.00
1/6/2025,75.00,0.00,75.00
1/6/2025,1.00,0.00,1.00
1/6/2025,1.00,0.00,1.00
1/6/2025,40.00,0.00,40.00
1/6/2025,1.00,0.00,1.00
1/6/2025,500.00,0.00,500.00
1/6/2025,"4,429.00",0.00,"4,429.00"
1/6/2025,2.00,0.00,2.00
1/6/2025,"3,424.00",0.00,"3,424.00"
1/6/2025,485.14,0.00,485.14
1/6/2025,12.22,0.00,12.22
1/6/2025,3.63,0.00,3.63
1/6/2025,13.22,0.00,13.22
1/6/2025,89.41,0.00,89.41
1/6/2025,20.00,0.00,20.00
1/6/2025,1.74,0.00,1.74
1/6/2025,5.00,0.00,5.00
1/6/2025,10.73,0.00,10.73
1/6/2025,"1,981.00",0.00,"1,981.00"
1/6/2025,13.69,0.00,13.69
1/6/2025,45.24,0.00,45.24
1/6/2025,10.73,0.00,10.73
1/6/2025,"2,902.00",0.00,"2,902.00"
1/6/2025,1.74,0.00,1.74
1/6/2025,12.65,0.00,12.65
1/6/2025,75.00,0.00,75.00
1/6/2025,3.63,0.00,3.63
1/6/2025,5.00,0.00,5.00
1/6/2025,"1,924.00",0.00,"1,924.00"
1/6/2025,75.00,0.00,75.00
1/6/2025,19.00,0.00,19.00
1/6/2025,85.00,0.00,85.00
1/6/2025,329.00,0.00,329.00
1/6/2025,"3,150.00",0.00,"3,150.00"
1/6/2025,43.10,0.00,43.10
1/6/2025,21.24,0.00,21.24
1/6/2025,5.00,0.00,5.00
1/6/2025,40.00,0.00,40.00
1/6/2025,18.91,0.00,18.91
1/6/2025,10.73,0.00,10.73
1/6/2025,1.74,0.00,1.74
1/6/2025,3.63,0.00,3.63
1/6/2025,75.00,0.00,75.00
1/6/2025,9.99,0.00,9.99
1/6/2025,5.00,0.00,5.00
1/6/2025,10.74,0.00,10.74
1/6/2025,20.00,0.00,20.00
1/6/2025,100.00,0.00,100.00
1/6/2025,75.00,0.00,75.00
1/6/2025,1.74,0.00,1.74
1/6/2025,32.77,0.00,32.77
1/6/2025,"3,405.00",0.00,"3,405.00"
1/6/2025,10.73,0.00,10.73
1/6/2025,3.63,0.00,3.63
1/6/2025,"3,044.73",0.00,"3,044.73"
1/6/2025,20.00,0.00,20.00
1/6/2025,148.27,0.00,148.27
1/6/2025,75.00,0.00,75.00
1/6/2025,5.00,0.00,5.00
1/6/2025,3.63,0.00,3.63
1/6/2025,15.93,0.00,15.93
1/6/2025,26.18,0.00,26.18
1/6/2025,"2,082.00",0.00,"2,082.00"
1/6/2025,10.73,0.00,10.73
1/6/2025,78.61,0.00,78.61
1/6/2025,1.74,0.00,1.74
1/6/2025,14.54,0.00,14.54
1/6/2025,28.64,0.00,28.64
1/6/2025,1.74,0.00,1.74
1/6/2025,31.15,0.00,31.15
1/6/2025,59.84,0.00,59.84
1/6/2025,75.00,0.00,75.00
1/6/2025,40.00,0.00,40.00
1/6/2025,5.00,0.00,5.00
1/6/2025,25.09,0.00,25.09
1/6/2025,27.08,0.00,27.08
1/6/2025,3.63,0.00,3.63
1/6/2025,20.00,0.00,20.00
1/6/2025,10.73,0.00,10.73
1/6/2025,"2,349.00",0.00,"2,349.00"
1/6/2025,25.00,0.00,25.00
1/6/2025,21.91,0.00,21.91
1/6/2025,3.51,0.00,3.51
1/6/2025,3.54,0.00,3.54
1/6/2025,10.73,0.00,10.73
1/6/2025,5.00,0.00,5.00
1/6/2025,1.74,0.00,1.74
1/6/2025,20.00,0.00,20.00
1/6/2025,75.00,0.00,75.00
1/6/2025,3.63,0.00,3.63
1/6/2025,"2,327.00",0.00,"2,327.00"
1/6/2025,5.00,0.00,5.00
1/6/2025,34.37,0.00,34.37
1/6/2025,75.00,0.00,75.00
1/6/2025,20.00,0.00,20.00
1/6/2025,66.97,0.00,66.97
1/6/2025,55.00,0.00,55.00
1/6/2025,3.63,0.00,3.63
1/6/2025,1.74,0.00,1.74
1/6/2025,"2,311.00",0.00,"2,311.00"
1/6/2025,10.73,0.00,10.73
1/6/2025,40.00,0.00,40.00
1/6/2025,20.27,0.00,20.27
1/6/2025,90.00,0.00,90.00
1/6/2025,47.20,0.00,47.20
1/6/2025,3.63,0.00,3.63
1/6/2025,22.89,0.00,22.89
1/6/2025,75.00,0.00,75.00
1/6/2025,5.00,0.00,5.00
1/6/2025,1.74,0.00,1.74
1/6/2025,"2,268.00",0.00,"2,268.00"
1/6/2025,10.73,0.00,10.73
1/6/2025,75.00,0.00,75.00
1/6/2025,3.63,0.00,3.63
1/6/2025,24.78,0.00,24.78
1/6/2025,21.83,0.00,21.83
1/6/2025,1.74,0.00,1.74
1/6/2025,20.00,0.00,20.00
1/6/2025,10.73,0.00,10.73
1/6/2025,5.00,0.00,5.00
1/6/2025,"3,282.00",0.00,"3,282.00"
1/6/2025,55.39,0.00,55.39
1/6/2025,21.24,0.00,21.24
1/6/2025,100.00,0.00,100.00
1/6/2025,100.00,0.00,100.00
1/6/2025,"3,197.00",0.00,"3,197.00"
1/6/2025,5.00,0.00,5.00
1/6/2025,3.63,0.00,3.63
1/6/2025,75.00,0.00,75.00
1/6/2025,38.29,0.00,38.29
1/6/2025,1.74,0.00,1.74
1/6/2025,10.73,0.00,10.73
1/6/2025,24.07,0.00,24.07
1/6/2025,16.29,0.00,16.29
1/6/2025,75.00,0.00,75.00
1/6/2025,"2,050.00",0.00,"2,050.00"
1/6/2025,5.00,0.00,5.00
1/6/2025,10.73,0.00,10.73
1/6/2025,3.63,0.00,3.63
1/6/2025,40.07,0.00,40.07
1/6/2025,18.05,0.00,18.05
1/6/2025,1.74,0.00,1.74
1/6/2025,"2,398.00",0.00,"2,398.00"
1/6/2025,75.00,0.00,75.00
1/6/2025,58.06,0.00,58.06
1/6/2025,130.00,0.00,130.00
1/6/2025,10.73,0.00,10.73
1/6/2025,1.74,0.00,1.74
1/6/2025,40.00,0.00,40.00
1/6/2025,20.41,0.00,20.41
1/6/2025,"3,162.00",0.00,"3,162.00"
1/6/2025,18.23,0.00,18.23
1/6/2025,250.00,0.00,250.00
1/6/2025,40.00,0.00,40.00
1/6/2025,5.00,0.00,5.00
1/6/2025,3.63,0.00,3.63
1/6/2025,53.25,0.00,53.25
1/6/2025,1.74,0.00,1.74
1/6/2025,3.63,0.00,3.63
1/6/2025,5.00,0.00,5.00
1/6/2025,20.77,0.00,20.77
1/6/2025,"2,522.00",0.00,"2,522.00"
1/6/2025,18.52,0.00,18.52
1/6/2025,40.00,0.00,40.00
1/6/2025,10.73,0.00,10.73
1/6/2025,85.00,0.00,85.00
1/6/2025,3.73,0.00,3.73
1/6/2025,7.70,0.00,7.70
1/6/2025,15.12,0.00,15.12
1/6/2025,19.35,0.00,19.35
1/6/2025,612.00,0.00,612.00
1/6/2025,46.10,0.00,46.10
1/6/2025,"2,363.00",0.00,"2,363.00"
1/6/2025,5.00,0.00,5.00
1/6/2025,1.74,0.00,1.74
1/6/2025,3.63,0.00,3.63
1/6/2025,75.00,0.00,75.00
1/6/2025,33.00,0.00,33.00
1/6/2025,10.73,0.00,10.73
1/6/2025,58.42,0.00,58.42
1/6/2025,38.35,0.00,38.35
1/6/2025,90.00,0.00,90.00
1/6/2025,20.00,0.00,20.00
1/6/2025,46.36,0.00,46.36
1/6/2025,16.77,0.00,16.77
1/6/2025,5.00,0.00,5.00
1/6/2025,10.73,0.00,10.73
1/6/2025,75.00,0.00,75.00
1/6/2025,18.64,0.00,18.64
1/6/2025,100.00,0.00,100.00
1/6/2025,"2,604.00",0.00,"2,604.00"
1/6/2025,34.91,0.00,34.91
1/6/2025,3.63,0.00,3.63
1/6/2025,1.74,0.00,1.74
1/6/2025,"2,501.00",0.00,"2,501.00"
1/6/2025,20.00,0.00,20.00
1/6/2025,1.74,0.00,1.74
1/6/2025,3.63,0.00,3.63
1/6/2025,75.00,0.00,75.00
1/6/2025,250.00,0.00,250.00
1/6/2025,10.73,0.00,10.73
1/6/2025,34.37,0.00,34.37
1/6/2025,48.38,0.00,48.38
1/6/2025,5.00,0.00,5.00
1/6/2025,41.27,0.00,41.27
1/6/2025,15.81,0.00,15.81
1/6/2025,100.00,0.00,100.00
1/6/2025,14.44,0.00,14.44
1/6/2025,20.00,0.00,20.00
1/6/2025,40.43,0.00,40.43
1/6/2025,10.73,0.00,10.73
1/6/2025,"3,337.00",0.00,"3,337.00"
1/6/2025,1.74,0.00,1.74
1/6/2025,40.00,0.00,40.00
1/6/2025,75.00,0.00,75.00
1/6/2025,3.63,0.00,3.63
1/6/2025,5.00,0.00,5.00
1/6/2025,10.73,0.00,10.73
1/6/2025,4.15,0.00,4.15
1/6/2025,55.00,0.00,55.00
1/6/2025,5.00,0.00,5.00
1/6/2025,24.22,0.00,24.22
1/6/2025,1.74,0.00,1.74
1/6/2025,4.25,0.00,4.25
1/6/2025,75.00,0.00,75.00
1/6/2025,90.00,0.00,90.00
1/6/2025,"3,132.00",0.00,"3,132.00"
1/6/2025,20.00,0.00,20.00
1/6/2025,3.63,0.00,3.63
1/6/2025,16.17,0.00,16.17
1/6/2025,5.00,0.00,5.00
1/6/2025,10.73,0.00,10.73
1/6/2025,1.74,0.00,1.74
1/6/2025,3.63,0.00,3.63
1/6/2025,3.39,0.00,3.39
1/6/2025,48.44,0.00,48.44
1/6/2025,"2,498.00",0.00,"2,498.00"
1/6/2025,12.90,0.00,12.90
1/6/2025,513.65,0.00,513.65
1/6/2025,0.00,"100,000.00","-100,000.00"
1/7/2025,3.63,0.00,3.63
1/7/2025,6.38,0.00,6.38
1/7/2025,1.74,0.00,1.74
1/7/2025,50.00,0.00,50.00
1/7/2025,5.00,0.00,5.00
1/7/2025,30.99,0.00,30.99
1/7/2025,55.00,0.00,55.00
1/7/2025,75.00,0.00,75.00
1/7/2025,"4,127.00",0.00,"4,127.00"
1/7/2025,6.73,0.00,6.73
1/7/2025,10.73,0.00,10.73
1/7/2025,20.00,0.00,20.00
1/7/2025,0.00,10.73,-10.73
1/7/2025,0.00,3.63,-3.63
1/7/2025,0.00,75.00,-75.00
1/7/2025,0.00,17.55,-17.55
1/7/2025,0.00,1.74,-1.74
1/7/2025,0.00,20.00,-20.00
1/7/2025,0.00,19.59,-19.59
1/7/2025,0.00,52.90,-52.90
1/7/2025,0.00,"2,365.00","-2,365.00"
1/7/2025,0.00,5.00,-5.00
1/7/2025,5.00,0.00,5.00
1/7/2025,"1,871.35",0.00,"1,871.35"
1/7/2025,10.73,0.00,10.73
1/7/2025,75.00,0.00,75.00
1/7/2025,78.19,0.00,78.19
1/7/2025,29.03,0.00,29.03
1/7/2025,25.33,0.00,25.33
1/7/2025,1.74,0.00,1.74
1/7/2025,3.63,0.00,3.63
1/7/2025,"2,000.00",0.00,"2,000.00"
1/7/2025,"2,000.00",0.00,"2,000.00"
1/7/2025,0.00,"2,000.00","-2,000.00"
1/8/2025,"2,318.00",0.00,"2,318.00"
1/8/2025,35.00,0.00,35.00
1/8/2025,17.55,0.00,17.55
1/8/2025,10.73,0.00,10.73
1/8/2025,75.00,0.00,75.00
1/8/2025,52.90,0.00,52.90
1/8/2025,0.00,"2,571.14","-2,571.14"
1/8/2025,1.74,0.00,1.74
1/8/2025,20.00,0.00,20.00
1/8/2025,5.00,0.00,5.00
1/8/2025,19.59,0.00,19.59
1/8/2025,3.63,0.00,3.63
1/8/2025,"2,365.00",0.00,"2,365.00"
1/8/2025,3.63,0.00,3.63
1/8/2025,19.76,0.00,19.76
1/8/2025,51.47,0.00,51.47
1/8/2025,5.00,0.00,5.00
1/8/2025,6.17,0.00,6.17
1/8/2025,"2,258.00",0.00,"2,258.00"
1/8/2025,20.00,0.00,20.00
1/8/2025,40.00,0.00,40.00
1/8/2025,10.73,0.00,10.73
1/8/2025,75.00,0.00,75.00
1/8/2025,25.00,0.00,25.00
1/8/2025,1.74,0.00,1.74
1/8/2025,6.49,0.00,6.49
1/8/2025,2.20,0.00,2.20
1/8/2025,40.82,0.00,40.82
1/8/2025,11.92,0.00,11.92
1/8/2025,58.74,0.00,58.74
1/8/2025,4.55,0.00,4.55
1/8/2025,1.74,0.00,1.74
1/8/2025,10.74,0.00,10.74
1/8/2025,5.00,0.00,5.00
1/8/2025,13.59,0.00,13.59
1/8/2025,12.82,0.00,12.82
1/8/2025,4.60,0.00,4.60
1/8/2025,4.95,0.00,4.95
1/8/2025,75.00,0.00,75.00
1/8/2025,47.73,0.00,47.73
1/8/2025,10.73,0.00,10.73
1/8/2025,3.73,0.00,3.73
1/8/2025,3.63,0.00,3.63
1/8/2025,4.13,0.00,4.13
1/8/2025,0.59,0.00,0.59
1/8/2025,4.04,0.00,4.04
1/8/2025,1.74,0.00,1.74
1/8/2025,"2,919.00",0.00,"2,919.00"
1/8/2025,10.73,0.00,10.73
1/8/2025,8.95,0.00,8.95
1/8/2025,55.00,0.00,55.00
1/8/2025,5.00,0.00,5.00
1/8/2025,0.00,23.77,-23.77
1/8/2025,0.00,75.00,-75.00
1/8/2025,0.00,"3,229.00","-3,229.00"
1/8/2025,0.00,3.63,-3.63
1/8/2025,0.00,5.00,-5.00
1/8/2025,0.00,41.32,-41.32
1/8/2025,0.00,10.73,-10.73
1/8/2025,0.00,1.74,-1.74
1/8/2025,0.00,75.00,-75.00
1/8/2025,0.00,90.00,-90.00
1/8/2025,0.00,27.14,-27.14
1/8/2025,0.00,44.17,-44.17
1/8/2025,0.00,21.83,-21.83
1/8/2025,0.00,20.00,-20.00
1/8/2025,0.00,55.00,-55.00
1/8/2025,0.00,75.00,-75.00
1/8/2025,0.00,1.74,-1.74
1/8/2025,0.00,"2,288.00","-2,288.00"
1/8/2025,0.00,5.00,-5.00
1/8/2025,0.00,3.63,-3.63
1/8/2025,0.00,10.73,-10.73
1/8/2025,0.00,24.78,-24.78
1/8/2025,0.00,"3,323.00","-3,323.00"
1/8/2025,1.74,0.00,1.74
1/8/2025,"2,288.00",0.00,"2,288.00"
1/8/2025,5.00,0.00,5.00
1/8/2025,21.83,0.00,21.83
1/8/2025,24.78,0.00,24.78
1/8/2025,75.00,0.00,75.00
1/8/2025,3.63,0.00,3.63
1/8/2025,10.73,0.00,10.73
1/8/2025,20.00,0.00,20.00
1/8/2025,44.17,0.00,44.17
1/8/2025,55.00,0.00,55.00
1/8/2025,25.00,0.00,25.00
1/8/2025,"5,290.00",0.00,"5,290.00"
1/8/2025,39.54,0.00,39.54
1/8/2025,20.00,0.00,20.00
1/8/2025,3.63,0.00,3.63
1/8/2025,"3,323.00",0.00,"3,323.00"
1/8/2025,25.00,0.00,25.00
1/8/2025,10.73,0.00,10.73
1/8/2025,31.86,0.00,31.86
1/8/2025,27.66,0.00,27.66
1/8/2025,5.00,0.00,5.00
1/8/2025,1.74,0.00,1.74
1/8/2025,"2,607.00",0.00,"2,607.00"
1/8/2025,5.00,0.00,5.00
1/8/2025,75.00,0.00,75.00
1/8/2025,3.63,0.00,3.63
1/8/2025,12.51,0.00,12.51
1/8/2025,40.00,0.00,40.00
1/8/2025,63.05,0.00,63.05
1/8/2025,1.74,0.00,1.74
1/8/2025,11.58,0.00,11.58
1/8/2025,10.73,0.00,10.73
1/9/2025,15.10,0.00,15.10
1/9/2025,1.74,0.00,1.74
1/9/2025,39.18,0.00,39.18
1/9/2025,10.73,0.00,10.73
1/9/2025,75.00,0.00,75.00
1/9/2025,3.63,0.00,3.63
1/9/2025,13.86,0.00,13.86
1/9/2025,75.00,0.00,75.00
1/9/2025,5.00,0.00,5.00
1/9/2025,25.00,0.00,25.00
1/9/2025,"2,512.00",0.00,"2,512.00"
1/9/2025,25.00,0.00,25.00
1/9/2025,"1,358.35",0.00,"1,358.35"
1/9/2025,"1,096.52",0.00,"1,096.52"
1/9/2025,10.97,0.00,10.97
1/9/2025,5.00,0.00,5.00
1/9/2025,14.96,0.00,14.96
1/9/2025,41.13,0.00,41.13
1/9/2025,25.00,0.00,25.00
1/9/2025,19.76,0.00,19.76
1/9/2025,10.73,0.00,10.73
1/9/2025,4.13,0.00,4.13
1/9/2025,33.87,0.00,33.87
1/9/2025,1.74,0.00,1.74
1/9/2025,3.63,0.00,3.63
1/9/2025,4.04,0.00,4.04
1/9/2025,17.82,0.00,17.82
1/9/2025,1.77,0.00,1.77
1/9/2025,5.00,0.00,5.00
1/9/2025,10.73,0.00,10.73
1/9/2025,3.45,0.00,3.45
1/9/2025,"1,239.36",0.00,"1,239.36"
1/9/2025,105.55,0.00,105.55
1/9/2025,16.32,0.00,16.32
1/9/2025,75.00,0.00,75.00
1/9/2025,46.13,0.00,46.13
1/9/2025,5.00,0.00,5.00
1/9/2025,13.47,0.00,13.47
1/9/2025,3.63,0.00,3.63
1/9/2025,1.74,0.00,1.74
1/9/2025,20.00,0.00,20.00
1/9/2025,10.73,0.00,10.73
1/9/2025,14.63,0.00,14.63
1/9/2025,"2,506.00",0.00,"2,506.00"
1/9/2025,8.66,0.00,8.66
1/9/2025,11.34,0.00,11.34
1/9/2025,5.00,0.00,5.00
1/9/2025,75.00,0.00,75.00
1/9/2025,100.00,0.00,100.00
1/9/2025,0.00,48.09,-48.09
1/9/2025,0.00,"2,389.00","-2,389.00"
1/9/2025,0.00,53.96,-53.96
1/9/2025,0.00,10.73,-10.73
1/9/2025,0.00,36.70,-36.70
1/9/2025,0.00,75.00,-75.00
1/9/2025,0.00,25.00,-25.00
1/9/2025,0.00,5.00,-5.00
1/9/2025,0.00,3.63,-3.63
1/9/2025,0.00,42.83,-42.83
1/9/2025,0.00,55.00,-55.00
1/9/2025,0.00,1.74,-1.74
1/9/2025,0.00,55.00,-55.00
1/9/2025,0.00,75.00,-75.00
1/9/2025,0.00,10.73,-10.73
1/9/2025,0.00,"2,389.00","-2,389.00"
1/9/2025,0.00,25.00,-25.00
1/9/2025,0.00,25.00,-25.00
1/9/2025,0.00,3.63,-3.63
1/9/2025,0.00,41.18,-41.18
1/9/2025,0.00,20.00,-20.00
1/9/2025,0.00,35.34,-35.34
1/9/2025,0.00,1.74,-1.74
1/9/2025,0.00,5.00,-5.00
1/9/2025,0.00,20.00,-20.00
1/9/2025,"3,582.89",0.00,"3,582.89"
1/9/2025,"2,441.00",0.00,"2,441.00"
1/9/2025,3.63,0.00,3.63
1/9/2025,6.06,0.00,6.06
1/9/2025,75.00,0.00,75.00
1/9/2025,1.74,0.00,1.74
1/9/2025,5.00,0.00,5.00
1/9/2025,6.37,0.00,6.37
1/9/2025,10.73,0.00,10.73
1/9/2025,21.19,0.00,21.19
1/9/2025,0.00,"150,000.00","-150,000.00"
1/10/2025,14.04,0.00,14.04
1/10/2025,3.63,0.00,3.63
1/10/2025,86.91,0.00,86.91
1/10/2025,12.97,0.00,12.97
1/10/2025,10.73,0.00,10.73
1/10/2025,5.00,0.00,5.00
1/10/2025,1.74,0.00,1.74
1/10/2025,75.00,0.00,75.00
1/10/2025,63.00,0.00,63.00
1/10/2025,27.56,0.00,27.56
1/10/2025,13.00,0.00,13.00
1/10/2025,250.00,0.00,250.00
1/10/2025,40.00,0.00,40.00
1/10/2025,10.73,0.00,10.73
1/10/2025,5.00,0.00,5.00
1/10/2025,3.63,0.00,3.63
1/10/2025,1.74,0.00,1.74
1/10/2025,20.00,0.00,20.00
1/10/2025,31.74,0.00,31.74
1/10/2025,50.94,0.00,50.94
1/10/2025,"2,614.00",0.00,"2,614.00"
1/10/2025,0.00,"2,938.86","-2,938.86"
1/10/2025,"2,938.86",0.00,"2,938.86"
1/10/2025,0.00,110.00,-110.00
1/10/2025,110.00,0.00,110.00
1/10/2025,110.00,0.00,110.00
1/10/2025,0.00,110.00,-110.00
1/10/2025,3.63,0.00,3.63
1/10/2025,0.00,3.63,-3.63
1/10/2025,14.44,0.00,14.44
1/10/2025,0.00,14.44,-14.44
1/10/2025,10.73,0.00,10.73
1/10/2025,0.00,10.73,-10.73
1/10/2025,118.79,0.00,118.79
1/10/2025,0.00,118.79,-118.79
1/10/2025,0.00,75.00,-75.00
1/10/2025,75.00,0.00,75.00
1/10/2025,0.00,20.00,-20.00
1/10/2025,20.00,0.00,20.00
1/10/2025,5.00,0.00,5.00
1/10/2025,0.00,5.00,-5.00
1/10/2025,0.00,1.74,-1.74
1/10/2025,1.74,0.00,1.74
1/10/2025,0.00,15.81,-15.81
1/10/2025,15.81,0.00,15.81
1/10/2025,12.40,0.00,12.40
1/10/2025,"2,082.60",0.00,"2,082.60"
1/10/2025,75.00,0.00,75.00
1/10/2025,3.87,0.00,3.87
1/10/2025,10.65,0.00,10.65
1/10/2025,"4,429.00",0.00,"4,429.00"
1/10/2025,85.00,0.00,85.00
1/10/2025,"1,000.00",0.00,"1,000.00"
1/10/2025,857.23,0.00,857.23
1/10/2025,14.52,0.00,14.52
1/10/2025,75.00,0.00,75.00
1/10/2025,55.00,0.00,55.00
1/10/2025,20.00,0.00,20.00
1/10/2025,"4,148.00",0.00,"4,148.00"
1/10/2025,500.00,0.00,500.00
1/10/2025,20.00,0.00,20.00
1/10/2025,1.74,0.00,1.74
1/10/2025,6.49,0.00,6.49
1/10/2025,0.00,"3,001.09","-3,001.09"
1/10/2025,0.00,"2,810.00","-2,810.00"
1/10/2025,75.00,0.00,75.00
1/10/2025,3.63,0.00,3.63
1/10/2025,5.00,0.00,5.00
1/10/2025,20.00,0.00,20.00
1/10/2025,5.00,0.00,5.00
1/10/2025,0.00,51.00,-51.00
1/10/2025,75.00,0.00,75.00
1/10/2025,10.73,0.00,10.73
1/10/2025,115.59,0.00,115.59
1/10/2025,19.11,0.00,19.11
1/10/2025,10.73,0.00,10.73
1/10/2025,3.63,0.00,3.63
1/10/2025,565.11,0.00,565.11
1/10/2025,500.00,0.00,500.00
1/10/2025,1.74,0.00,1.74
1/10/2025,21.48,0.00,21.48
1/10/2025,100.27,0.00,100.27
1/10/2025,6.84,0.00,6.84
1/10/2025,0.00,339.00,-339.00
1/10/2025,0.00,14.00,-14.00
1/10/2025,"3,001.09",0.00,"3,001.09"
1/13/2025,0.00,"5,453.00","-5,453.00"
1/13/2025,"5,453.00",0.00,"5,453.00"
1/13/2025,"5,453.00",0.00,"5,453.00"
1/13/2025,"1,700.00",0.00,"1,700.00"
1/13/2025,5.00,0.00,5.00
1/13/2025,8.83,0.00,8.83
1/13/2025,129.38,0.00,129.38
1/13/2025,14.66,0.00,14.66
1/13/2025,8.37,0.00,8.37
1/13/2025,4.96,0.00,4.96
1/13/2025,4.95,0.00,4.95
1/13/2025,2.38,0.00,2.38
1/14/2025,12.40,0.00,12.40
1/14/2025,0.00,12.40,-12.40
1/14/2025,"1,724.00",0.00,"1,724.00"
1/14/2025,0.00,"1,680.00","-1,680.00"
1/14/2025,0.00,44.00,-44.00
1/14/2025,"1,530.00",0.00,"1,530.00"
1/14/2025,0.00,"1,530.00","-1,530.00"
1/14/2025,0.00,206.40,-206.40
1/14/2025,206.40,0.00,206.40
1/14/2025,55.00,0.00,55.00
1/14/2025,27.46,0.00,27.46
1/14/2025,31.62,0.00,31.62
1/14/2025,100.00,0.00,100.00
1/14/2025,74.62,0.00,74.62
1/14/2025,75.00,0.00,75.00
1/14/2025,3.63,0.00,3.63
1/14/2025,5.00,0.00,5.00
1/14/2025,20.00,0.00,20.00
1/14/2025,10.73,0.00,10.73
1/14/2025,1.74,0.00,1.74
1/14/2025,"1,558.00",0.00,"1,558.00"
1/14/2025,100.00,0.00,100.00
1/14/2025,10.73,0.00,10.73
1/14/2025,3.63,0.00,3.63
1/14/2025,5.00,0.00,5.00
1/14/2025,20.00,0.00,20.00
1/14/2025,"3,335.00",0.00,"3,335.00"
1/14/2025,75.00,0.00,75.00
1/14/2025,48.56,0.00,48.56
1/14/2025,72.66,0.00,72.66
1/14/2025,57.23,0.00,57.23
1/14/2025,1.74,0.00,1.74
1/14/2025,52.18,0.00,52.18
1/14/2025,1.74,0.00,1.74
1/14/2025,10.73,0.00,10.73
1/14/2025,18.64,0.00,18.64
1/14/2025,16.77,0.00,16.77
1/14/2025,3.63,0.00,3.63
1/14/2025,3.63,0.00,3.63
1/14/2025,1.74,0.00,1.74
1/14/2025,15.34,0.00,15.34
1/14/2025,14.05,0.00,14.05
1/14/2025,5.00,0.00,5.00
1/14/2025,10.73,0.00,10.73
1/14/2025,39.89,0.00,39.89
1/14/2025,25.27,0.00,25.27
1/14/2025,1.74,0.00,1.74
1/14/2025,25.61,0.00,25.61
1/14/2025,22.51,0.00,22.51
1/14/2025,3.63,0.00,3.63
1/14/2025,85.00,0.00,85.00
1/14/2025,10.00,0.00,10.00
1/14/2025,36.00,0.00,36.00
1/14/2025,995.00,0.00,995.00
1/15/2025,100.00,0.00,100.00
1/15/2025,0.00,100.00,-100.00
1/15/2025,25.00,0.00,25.00
1/15/2025,0.00,25.00,-25.00
1/15/2025,5.00,0.00,5.00
1/15/2025,0.00,5.00,-5.00
1/15/2025,0.00,20.00,-20.00
1/15/2025,20.00,0.00,20.00
1/15/2025,5.90,0.00,5.90
1/15/2025,20.00,0.00,20.00
1/15/2025,0.00,75.00,-75.00
1/15/2025,75.00,0.00,75.00
1/15/2025,329.00,0.00,329.00
1/15/2025,0.00,329.00,-329.00
1/15/2025,"5,453.00",0.00,"5,453.00"
1/15/2025,0.00,"5,453.00","-5,453.00"
1/16/2025,1.74,0.00,1.74
1/16/2025,7.44,0.00,7.44
1/16/2025,20.00,0.00,20.00
1/16/2025,641.83,0.00,641.83
1/16/2025,3.63,0.00,3.63
1/16/2025,7.91,0.00,7.91
1/16/2025,10.73,0.00,10.73
1/16/2025,75.00,0.00,75.00
1/16/2025,26.72,0.00,26.72
1/16/2025,5.00,0.00,5.00
1/16/2025,0.00,"2,389.00","-2,389.00"
1/16/2025,"2,389.00",0.00,"2,389.00"
1/16/2025,"2,389.00",0.00,"2,389.00"
1/16/2025,0.00,"2,389.00","-2,389.00"
1/16/2025,3.63,0.00,3.63
1/16/2025,0.00,3.63,-3.63
1/16/2025,36.70,0.00,36.70
1/16/2025,0.00,36.70,-36.70
1/16/2025,10.73,0.00,10.73
1/16/2025,0.00,10.73,-10.73
1/16/2025,48.09,0.00,48.09
1/16/2025,0.00,48.09,-48.09
1/16/2025,0.00,55.00,-55.00
1/16/2025,55.00,0.00,55.00
1/16/2025,75.00,0.00,75.00
1/16/2025,0.00,75.00,-75.00
1/16/2025,0.00,20.00,-20.00
1/16/2025,20.00,0.00,20.00
1/16/2025,5.00,0.00,5.00
1/16/2025,0.00,5.00,-5.00
1/16/2025,0.00,1.74,-1.74
1/16/2025,1.74,0.00,1.74
1/16/2025,0.00,42.83,-42.83
1/16/2025,42.83,0.00,42.83
1/16/2025,25.00,0.00,25.00
1/16/2025,0.00,25.00,-25.00
1/16/2025,25.00,0.00,25.00
1/16/2025,0.00,25.00,-25.00
1/16/2025,3.63,0.00,3.63
1/16/2025,0.00,3.63,-3.63
1/16/2025,35.34,0.00,35.34
1/16/2025,0.00,35.34,-35.34
1/16/2025,10.73,0.00,10.73
1/16/2025,0.00,10.73,-10.73
1/16/2025,0.00,53.96,-53.96
1/16/2025,53.96,0.00,53.96
1/16/2025,55.00,0.00,55.00
1/16/2025,0.00,55.00,-55.00
1/16/2025,75.00,0.00,75.00
1/16/2025,0.00,75.00,-75.00
1/16/2025,0.00,20.00,-20.00
1/16/2025,20.00,0.00,20.00
1/16/2025,5.00,0.00,5.00
1/16/2025,0.00,5.00,-5.00
1/16/2025,1.74,0.00,1.74
1/16/2025,0.00,1.74,-1.74
1/16/2025,41.18,0.00,41.18
1/16/2025,0.00,41.18,-41.18
1/16/2025,24.70,0.00,24.70
1/16/2025,0.00,24.70,-24.70
1/16/2025,0.00,84.00,-84.00
1/16/2025,84.00,0.00,84.00
1/16/2025,166.00,0.00,166.00
1/16/2025,0.00,166.00,-166.00
1/16/2025,0.00,5.00,-5.00
1/16/2025,5.00,0.00,5.00
1/16/2025,100.00,0.00,100.00
1/16/2025,0.30,0.00,0.30
1/17/2025,0.00,"5,453.00","-5,453.00"
1/17/2025,"5,453.00",0.00,"5,453.00"
1/17/2025,0.00,"5,453.00","-5,453.00"
1/17/2025,0.00,"5,453.00","-5,453.00"
1/17/2025,"5,453.00",0.00,"5,453.00"
1/17/2025,"5,453.00",0.00,"5,453.00"
1/17/2025,995.00,0.00,995.00
1/17/2025,0.00,995.00,-995.00
1/17/2025,0.00,36.00,-36.00
1/17/2025,36.00,0.00,36.00
1/17/2025,0.00,85.00,-85.00
1/17/2025,85.00,0.00,85.00
1/17/2025,10.00,0.00,10.00
1/17/2025,0.00,10.00,-10.00
1/17/2025,0.00,"5,453.00","-5,453.00"
1/17/2025,"5,453.00",0.00,"5,453.00"
1/17/2025,75.00,0.00,75.00
1/17/2025,10.73,0.00,10.73
1/17/2025,41.32,0.00,41.32
1/17/2025,90.00,0.00,90.00
1/17/2025,"3,229.00",0.00,"3,229.00"
1/17/2025,1.74,0.00,1.74
1/17/2025,23.77,0.00,23.77
1/17/2025,5.00,0.00,5.00
1/17/2025,25.00,0.00,25.00
1/17/2025,27.14,0.00,27.14
1/17/2025,75.00,0.00,75.00
1/17/2025,3.63,0.00,3.63
1/17/2025,100.00,0.00,100.00
1/18/2025,"5,453.00",0.00,"5,453.00"
1/18/2025,0.00,"5,453.00","-5,453.00"
1/18/2025,"1,172.00",0.00,"1,172.00"
1/18/2025,0.00,"1,111.00","-1,111.00"
1/18/2025,0.00,18.00,-18.00
1/18/2025,0.00,34.00,-34.00
1/18/2025,0.00,9.00,-9.00
1/19/2025,500.00,0.00,500.00
1/19/2025,2.42,0.00,2.42
1/19/2025,"1,000.00",0.00,"1,000.00"
1/19/2025,1.29,0.00,1.29
1/19/2025,"3,603.00",0.00,"3,603.00"
1/19/2025,20.00,0.00,20.00
1/19/2025,85.00,0.00,85.00
1/19/2025,0.35,0.00,0.35
1/19/2025,40.00,0.00,40.00
1/19/2025,0.65,0.00,0.65
1/19/2025,0.58,0.00,0.58
1/19/2025,116.00,0.00,116.00
1/19/2025,0.71,0.00,0.71
1/19/2025,130.00,0.00,130.00
1/20/2025,3.63,0.00,3.63
1/20/2025,57.21,0.00,57.21
1/20/2025,67.73,0.00,67.73
1/20/2025,10.73,0.00,10.73
1/20/2025,5.00,0.00,5.00
1/20/2025,75.00,0.00,75.00
1/20/2025,1.74,0.00,1.74
1/20/2025,66.25,0.00,66.25
1/20/2025,20.00,0.00,20.00
1/20/2025,"1,289.00",0.00,"1,289.00"
1/20/2025,59.10,0.00,59.10
1/20/2025,6.17,0.00,6.17
1/20/2025,0.00,"1,210.00","-1,210.00"
1/20/2025,0.00,27.00,-27.00
1/20/2025,30.66,0.00,30.66
1/20/2025,2.96,0.00,2.96
1/20/2025,34.45,0.00,34.45
1/20/2025,5.00,0.00,5.00
1/20/2025,85.03,0.00,85.03
1/20/2025,4.95,0.00,4.95
1/20/2025,"1,049.54",0.00,"1,049.54"
1/20/2025,18.24,0.00,18.24
1/21/2025,0.00,"1,111.00","-1,111.00"
1/21/2025,"1,111.00",0.00,"1,111.00"
1/21/2025,18.00,0.00,18.00
1/21/2025,0.00,18.00,-18.00
1/21/2025,43.00,0.00,43.00
1/21/2025,0.00,43.00,-43.00
1/21/2025,5.00,0.00,5.00
1/21/2025,61.44,0.00,61.44
1/21/2025,25.00,0.00,25.00
1/21/2025,3.63,0.00,3.63
1/21/2025,110.00,0.00,110.00
1/21/2025,1.74,0.00,1.74
1/21/2025,10.73,0.00,10.73
1/21/2025,52.77,0.00,52.77
1/21/2025,27.38,0.00,27.38
1/21/2025,23.97,0.00,23.97
1/21/2025,3.63,0.00,3.63
1/21/2025,5.25,0.00,5.25
1/21/2025,12.75,0.00,12.75
1/21/2025,25.00,0.00,25.00
1/21/2025,75.00,0.00,75.00
1/21/2025,0.00,"1,183.00","-1,183.00"
1/21/2025,"1,183.00",0.00,"1,183.00"
1/21/2025,"1,000.00",0.00,"1,000.00"
1/21/2025,0.00,"1,000.00","-1,000.00"
1/21/2025,500.00,0.00,500.00
1/21/2025,0.00,500.00,-500.00
1/21/2025,14.00,0.00,14.00
1/21/2025,0.00,14.00,-14.00
1/21/2025,27.00,0.00,27.00
1/21/2025,0.00,27.00,-27.00
1/21/2025,85.00,0.00,85.00
1/21/2025,0.00,85.00,-85.00
1/21/2025,7.00,0.00,7.00
1/21/2025,0.00,7.00,-7.00
1/21/2025,100.00,0.00,100.00
1/21/2025,75.00,0.00,75.00
1/21/2025,20.00,0.00,20.00
1/21/2025,"3,521.00",0.00,"3,521.00"
1/21/2025,719.86,0.00,719.86
1/21/2025,"2,573.80",0.00,"2,573.80"
1/22/2025,"5,256.21",0.00,"5,256.21"
1/22/2025,42.07,0.00,42.07
1/22/2025,5.00,0.00,5.00
1/22/2025,0.00,3.73,-3.73
1/22/2025,0.00,25.00,-25.00
1/22/2025,0.00,5.00,-5.00
1/22/2025,0.00,10.73,-10.73
1/22/2025,48.68,0.00,48.68
1/22/2025,5.00,0.00,5.00
1/22/2025,59.81,0.00,59.81
1/22/2025,3.73,0.00,3.73
1/22/2025,0.00,1.77,-1.77
1/22/2025,0.00,59.81,-59.81
1/22/2025,25.00,0.00,25.00
1/22/2025,59.81,0.00,59.81
1/22/2025,48.68,0.00,48.68
1/22/2025,1.77,0.00,1.77
1/22/2025,42.07,0.00,42.07
1/22/2025,10.73,0.00,10.73
1/22/2025,25.00,0.00,25.00
1/22/2025,10.73,0.00,10.73
1/22/2025,0.00,48.68,-48.68
1/22/2025,0.00,42.07,-42.07
1/22/2025,1.77,0.00,1.77
1/22/2025,3.73,0.00,3.73
1/23/2025,12.00,0.00,12.00
1/23/2025,44.00,0.00,44.00
1/23/2025,85.00,0.00,85.00
1/23/2025,293.60,0.00,293.60
1/23/2025,37.36,0.00,37.36
1/23/2025,"1,362.64",0.00,"1,362.64"
1/24/2025,25.00,0.00,25.00
1/24/2025,0.00,25.00,-25.00
1/24/2025,1.74,0.00,1.74
1/24/2025,8.29,0.00,8.29
1/24/2025,10.73,0.00,10.73
1/24/2025,10.73,0.00,10.73
1/24/2025,"3,651.00",0.00,"3,651.00"
1/24/2025,97.42,0.00,97.42
1/24/2025,11.05,0.00,11.05
1/24/2025,3.63,0.00,3.63
1/24/2025,107.57,0.00,107.57
1/24/2025,"1,133.00",0.00,"1,133.00"
1/24/2025,5.00,0.00,5.00
1/24/2025,24.00,0.00,24.00
1/24/2025,11.92,0.00,11.92
1/24/2025,75.00,0.00,75.00
1/24/2025,8.85,0.00,8.85
1/24/2025,5.00,0.00,5.00
1/24/2025,20.00,0.00,20.00
1/24/2025,100.00,0.00,100.00
1/24/2025,100.00,0.00,100.00
1/24/2025,"2,473.00",0.00,"2,473.00"
1/24/2025,51.00,0.00,51.00
1/24/2025,1.74,0.00,1.74
1/24/2025,3.63,0.00,3.63
1/24/2025,17.00,0.00,17.00
1/24/2025,339.00,0.00,339.00
1/24/2025,"2,163.00",0.00,"2,163.00"
1/24/2025,1.26,0.00,1.26
1/24/2025,26.70,0.00,26.70
1/24/2025,9.09,0.00,9.09
1/24/2025,1.77,0.00,1.77
1/24/2025,5.00,0.00,5.00
1/24/2025,20.00,0.00,20.00
1/24/2025,8.18,0.00,8.18
1/24/2025,75.00,0.00,75.00
1/24/2025,24.21,0.00,24.21
1/24/2025,3.73,0.00,3.73
1/24/2025,5.00,0.00,5.00
1/24/2025,22.90,0.00,22.90
1/24/2025,25.71,0.00,25.71
1/24/2025,1.77,0.00,1.77
1/24/2025,10.73,0.00,10.73
1/25/2025,500.00,0.00,500.00
1/25/2025,0.00,500.00,-500.00
1/25/2025,20.00,0.00,20.00
1/25/2025,5.00,0.00,5.00
1/25/2025,"2,050.00",0.00,"2,050.00"
1/25/2025,1.77,0.00,1.77
1/25/2025,75.00,0.00,75.00
1/25/2025,30.97,0.00,30.97
1/25/2025,10.73,0.00,10.73
1/25/2025,26.70,0.00,26.70
1/25/2025,3.73,0.00,3.73
1/25/2025,30.26,0.00,30.26
1/25/2025,75.00,0.00,75.00
1/25/2025,0.36,0.00,0.36
1/25/2025,20.00,0.00,20.00
1/25/2025,2.64,0.00,2.64
1/27/2025,"3,690.00",0.00,"3,690.00"
1/27/2025,51.45,0.00,51.45
1/27/2025,29.19,0.00,29.19
1/27/2025,3.63,0.00,3.63
1/27/2025,1.74,0.00,1.74
1/27/2025,1.77,0.00,1.77
1/27/2025,25.71,0.00,25.71
1/27/2025,43.79,0.00,43.79
1/27/2025,22.90,0.00,22.90
1/27/2025,10.73,0.00,10.73
1/27/2025,3.73,0.00,3.73
1/27/2025,10.73,0.00,10.73
1/27/2025,45.59,0.00,45.59
1/27/2025,"1,361.00",0.00,"1,361.00"
1/27/2025,"1,360.00",0.00,"1,360.00"
1/27/2025,75.00,0.00,75.00
1/27/2025,4.95,0.00,4.95
1/27/2025,18.61,0.00,18.61
1/27/2025,3.25,0.00,3.25
1/27/2025,5.00,0.00,5.00
1/27/2025,143.00,0.00,143.00
1/27/2025,9.35,0.00,9.35
1/27/2025,0.00,370.00,-370.00
1/27/2025,1.54,0.00,1.54
1/27/2025,23.72,0.00,23.72
1/27/2025,5.00,0.00,5.00
1/27/2025,64.69,0.00,64.69
1/27/2025,20.89,0.00,20.89
1/27/2025,5.00,0.00,5.00
1/27/2025,0.00,10.00,-10.00
1/27/2025,0.00,"60,000.00","-60,000.00"
1/28/2025,133.14,0.00,133.14
1/28/2025,33.49,0.00,33.49
1/28/2025,5.00,0.00,5.00
1/28/2025,29.39,0.00,29.39
1/28/2025,3.73,0.00,3.73
1/28/2025,1.77,0.00,1.77
1/28/2025,10.73,0.00,10.73
1/28/2025,"2,500.00",0.00,"2,500.00"
1/28/2025,"2,953.00",0.00,"2,953.00"
1/28/2025,0.00,3.73,-3.73
1/28/2025,3.73,0.00,3.73
1/28/2025,23.50,0.00,23.50
1/28/2025,0.00,23.50,-23.50
1/28/2025,0.00,10.73,-10.73
1/28/2025,10.73,0.00,10.73
1/28/2025,0.00,2.04,-2.04
1/28/2025,2.04,0.00,2.04
1/28/2025,55.00,0.00,55.00
1/28/2025,5.00,0.00,5.00
1/28/2025,20.00,0.00,20.00
1/28/2025,1.77,0.00,1.77
1/28/2025,44.49,0.00,44.49
1/28/2025,73.87,0.00,73.87
1/28/2025,38.57,0.00,38.57
1/28/2025,"2,311.00",0.00,"2,311.00"
1/28/2025,10.73,0.00,10.73
1/28/2025,75.00,0.00,75.00
1/28/2025,3.73,0.00,3.73
1/28/2025,23.80,0.00,23.80
1/28/2025,26.79,0.00,26.79
1/28/2025,10.73,0.00,10.73
1/28/2025,1.77,0.00,1.77
1/28/2025,40.00,0.00,40.00
1/28/2025,"2,349.00",0.00,"2,349.00"
1/28/2025,53.76,0.00,53.76
1/28/2025,75.00,0.00,75.00
1/28/2025,5.00,0.00,5.00
1/28/2025,20.00,0.00,20.00
1/28/2025,3.73,0.00,3.73
1/28/2025,10.73,0.00,10.73
1/28/2025,3.61,0.00,3.61
1/28/2025,20.00,0.00,20.00
1/28/2025,75.00,0.00,75.00
1/28/2025,3.73,0.00,3.73
1/28/2025,"2,327.00",0.00,"2,327.00"
1/28/2025,3.59,0.00,3.59
1/28/2025,1.77,0.00,1.77
1/28/2025,5.00,0.00,5.00
1/28/2025,24.56,0.00,24.56
1/28/2025,"2,242.00",0.00,"2,242.00"
1/28/2025,9.45,0.00,9.45
1/28/2025,58.15,0.00,58.15
1/28/2025,5.00,0.00,5.00
1/28/2025,26.63,0.00,26.63
1/28/2025,"2,919.00",0.00,"2,919.00"
1/28/2025,75.00,0.00,75.00
1/28/2025,1.77,0.00,1.77
1/28/2025,55.00,0.00,55.00
1/28/2025,0.00,"5,453.00","-5,453.00"
1/28/2025,"5,453.00",0.00,"5,453.00"
1/28/2025,0.00,"5,453.00","-5,453.00"
1/28/2025,0.00,25.00,-25.00
1/28/2025,25.00,0.00,25.00
1/28/2025,0.00,"2,500.00","-2,500.00"
1/28/2025,"2,500.00",0.00,"2,500.00"
1/28/2025,"2,953.00",0.00,"2,953.00"
1/28/2025,0.00,"2,953.00","-2,953.00"
1/28/2025,30.08,0.00,30.08
1/28/2025,10.73,0.00,10.73
1/28/2025,5.00,0.00,5.00
1/28/2025,3.73,0.00,3.73
1/28/2025,"2,603.00",0.00,"2,603.00"
1/28/2025,55.00,0.00,55.00
1/28/2025,75.00,0.00,75.00
1/28/2025,21.41,0.00,21.41
1/28/2025,19.31,0.00,19.31
1/28/2025,1.77,0.00,1.77
1/29/2025,0.00,48.68,-48.68
1/29/2025,0.00,3.73,-3.73
1/29/2025,0.00,5.00,-5.00
1/29/2025,0.00,10.73,-10.73
1/29/2025,0.00,25.00,-25.00
1/29/2025,0.00,1.77,-1.77
1/29/2025,0.00,59.81,-59.81
1/29/2025,0.00,42.07,-42.07
1/29/2025,0.00,"5,256.21","-5,256.21"
1/29/2025,3.73,0.00,3.73
1/29/2025,0.00,3.73,-3.73
1/29/2025,0.00,42.07,-42.07
1/29/2025,42.07,0.00,42.07
1/29/2025,59.81,0.00,59.81
1/29/2025,0.00,59.81,-59.81
1/29/2025,0.00,10.73,-10.73
1/29/2025,10.73,0.00,10.73
1/29/2025,5.00,0.00,5.00
1/29/2025,0.00,5.00,-5.00
1/29/2025,0.00,1.77,-1.77
1/29/2025,1.77,0.00,1.77
1/29/2025,48.68,0.00,48.68
1/29/2025,0.00,48.68,-48.68
1/29/2025,25.00,0.00,25.00
1/29/2025,0.00,25.00,-25.00
1/29/2025,5.00,0.00,5.00
1/29/2025,"2,050.00",0.00,"2,050.00"
1/29/2025,19.38,0.00,19.38
1/29/2025,10.73,0.00,10.73
1/29/2025,46.46,0.00,46.46
1/29/2025,1.77,0.00,1.77
1/29/2025,3.73,0.00,3.73
1/29/2025,17.62,0.00,17.62
1/29/2025,75.00,0.00,75.00
1/29/2025,26.00,0.00,26.00
1/29/2025,20.00,0.00,20.00
1/29/2025,75.00,0.00,75.00
1/29/2025,"4,428.00",0.00,"4,428.00"
1/29/2025,40.00,0.00,40.00
1/29/2025,55.00,0.00,55.00
1/29/2025,83.48,0.00,83.48
1/29/2025,29.79,0.00,29.79
1/29/2025,5.00,0.00,5.00
1/29/2025,1.77,0.00,1.77
1/29/2025,33.97,0.00,33.97
1/29/2025,10.73,0.00,10.73
1/29/2025,3.73,0.00,3.73
1/29/2025,3.73,0.00,3.73
1/29/2025,5.00,0.00,5.00
1/29/2025,7.65,0.00,7.65
1/29/2025,10.73,0.00,10.73
1/29/2025,32.04,0.00,32.04
1/29/2025,20.00,0.00,20.00
1/29/2025,7.31,0.00,7.31
1/29/2025,"2,050.00",0.00,"2,050.00"
1/29/2025,1.77,0.00,1.77
1/29/2025,16.20,0.00,16.20
1/29/2025,5.26,0.00,5.26
1/29/2025,1.77,0.00,1.77
1/29/2025,10.73,0.00,10.73
1/29/2025,5.00,0.00,5.00
1/29/2025,5.13,0.00,5.13
1/29/2025,3.73,0.00,3.73
1/29/2025,20.00,0.00,20.00
1/29/2025,3.73,0.00,3.73
1/29/2025,5.00,0.00,5.00
1/29/2025,10.73,0.00,10.73
1/29/2025,16.62,0.00,16.62
1/29/2025,18.18,0.00,18.18
1/29/2025,39.34,0.00,39.34
1/29/2025,1.77,0.00,1.77
1/29/2025,75.00,0.00,75.00
1/29/2025,55.00,0.00,55.00
1/29/2025,"3,198.00",0.00,"3,198.00"
1/30/2025,1.77,0.00,1.77
1/30/2025,5.00,0.00,5.00
1/30/2025,3.73,0.00,3.73
1/30/2025,10.73,0.00,10.73
1/30/2025,22.61,0.00,22.61
1/30/2025,13.62,0.00,13.62
1/30/2025,14.59,0.00,14.59
1/30/2025,"2,430.00",0.00,"2,430.00"
1/30/2025,75.00,0.00,75.00
1/31/2025,0.00,"2,242.00","-2,242.00"
1/31/2025,9.38,0.00,9.38
1/31/2025,21.72,0.00,21.72
1/31/2025,5.00,0.00,5.00
1/31/2025,3.73,0.00,3.73
1/31/2025,1.77,0.00,1.77
1/31/2025,9.93,0.00,9.93
1/31/2025,10.73,0.00,10.73
2/1/2025,3.73,0.00,3.73
2/1/2025,0.00,3.73,-3.73
2/1/2025,0.00,60.23,-60.23
2/1/2025,60.23,0.00,60.23
2/1/2025,10.73,0.00,10.73
2/1/2025,0.00,10.73,-10.73
2/1/2025,0.00,5.00,-5.00
2/1/2025,5.00,0.00,5.00
2/1/2025,1.77,0.00,1.77
2/1/2025,0.00,1.77,-1.77
2/1/2025,70.44,0.00,70.44
2/1/2025,0.00,70.44,-70.44
2/1/2025,3.73,0.00,3.73
2/1/2025,0.00,3.73,-3.73
2/1/2025,16.62,0.00,16.62
2/1/2025,0.00,16.62,-16.62
2/1/2025,10.73,0.00,10.73
2/1/2025,0.00,10.73,-10.73
2/1/2025,152.72,0.00,152.72
2/1/2025,0.00,152.72,-152.72
2/1/2025,5.00,0.00,5.00
2/1/2025,0.00,5.00,-5.00
2/1/2025,0.00,1.77,-1.77
2/1/2025,1.77,0.00,1.77
2/1/2025,0.00,18.18,-18.18
2/1/2025,18.18,0.00,18.18
2/1/2025,3.73,0.00,3.73
2/1/2025,0.00,3.73,-3.73
2/1/2025,0.00,29.81,-29.81
2/1/2025,29.81,0.00,29.81
2/1/2025,0.60,0.00,0.60
2/1/2025,0.00,0.60,-0.60
2/1/2025,3.73,0.00,3.73
2/1/2025,0.00,3.73,-3.73
2/1/2025,0.00,22.90,-22.90
2/1/2025,22.90,0.00,22.90
2/1/2025,0.00,24.21,-24.21
2/1/2025,24.21,0.00,24.21
2/1/2025,10.73,0.00,10.73
2/1/2025,0.00,10.73,-10.73
2/1/2025,5.00,0.00,5.00
2/1/2025,0.00,5.00,-5.00
2/1/2025,0.00,1.77,-1.77
2/1/2025,1.77,0.00,1.77
2/1/2025,25.71,0.00,25.71
2/1/2025,0.00,25.71,-25.71
2/1/2025,0.28,0.00,0.28
2/1/2025,0.00,0.28,-0.28
2/1/2025,3.45,0.00,3.45
2/1/2025,0.00,3.45,-3.45
2/1/2025,0.00,16.32,-16.32
2/1/2025,16.32,0.00,16.32
2/1/2025,0.00,10.73,-10.73
2/1/2025,10.73,0.00,10.73
2/1/2025,105.55,0.00,105.55
2/1/2025,0.00,105.55,-105.55
2/1/2025,5.00,0.00,5.00
2/1/2025,0.00,5.00,-5.00
2/1/2025,0.00,17.82,-17.82
2/1/2025,17.82,0.00,17.82
2/1/2025,0.00,1.77,-1.77
2/1/2025,1.77,0.00,1.77
2/1/2025,3.73,0.00,3.73
2/1/2025,0.00,3.73,-3.73
2/1/2025,0.00,8.95,-8.95
2/1/2025,8.95,0.00,8.95
2/1/2025,0.00,10.73,-10.73
2/1/2025,10.73,0.00,10.73
2/1/2025,0.00,0.59,-0.59
2/1/2025,0.59,0.00,0.59
2/1/2025,0.00,3.73,-3.73
2/1/2025,3.73,0.00,3.73
2/1/2025,0.00,42.07,-42.07
2/1/2025,42.07,0.00,42.07
2/1/2025,0.00,59.81,-59.81
2/1/2025,59.81,0.00,59.81
2/1/2025,0.00,10.73,-10.73
2/1/2025,10.73,0.00,10.73
2/1/2025,0.00,5.00,-5.00
2/1/2025,5.00,0.00,5.00
2/1/2025,1.77,0.00,1.77
2/1/2025,0.00,1.77,-1.77
2/1/2025,0.00,48.68,-48.68
2/1/2025,48.68,0.00,48.68
2/1/2025,0.00,3.73,-3.73
2/1/2025,3.73,0.00,3.73
2/1/2025,0.00,8.62,-8.62
2/1/2025,8.62,0.00,8.62
2/1/2025,0.00,2.55,-2.55
2/1/2025,2.55,0.00,2.55
2/1/2025,0.00,8.18,-8.18
2/1/2025,8.18,0.00,8.18
2/1/2025,0.00,26.70,-26.70
2/1/2025,26.70,0.00,26.70
2/1/2025,0.00,5.00,-5.00
2/1/2025,5.00,0.00,5.00
2/1/2025,1.77,0.00,1.77
2/1/2025,0.00,1.77,-1.77
2/1/2025,9.09,0.00,9.09
2/1/2025,0.00,9.09,-9.09
2/1/2025,3.73,0.00,3.73
2/1/2025,0.00,3.73,-3.73
2/1/2025,26.70,0.00,26.70
2/1/2025,0.00,26.70,-26.70
2/1/2025,10.73,0.00,10.73
2/1/2025,0.00,10.73,-10.73
2/1/2025,30.97,0.00,30.97
2/1/2025,0.00,30.97,-30.97
2/1/2025,5.00,0.00,5.00
2/1/2025,0.00,5.00,-5.00
2/1/2025,0.00,1.77,-1.77
2/1/2025,1.77,0.00,1.77
2/1/2025,0.00,30.26,-30.26
2/1/2025,30.26,0.00,30.26
2/1/2025,3.73,0.00,3.73
2/1/2025,0.00,3.73,-3.73
2/1/2025,0.00,15.12,-15.12
2/1/2025,15.12,0.00,15.12
2/1/2025,46.10,0.00,46.10
2/1/2025,0.00,46.10,-46.10
2/1/2025,7.70,0.00,7.70
2/1/2025,0.00,7.70,-7.70
,,,
,"736,202.97","715,548.39",
,,,
,,,
,,,
,,,
,,,
,,,
,,,
,,,
,,,
,,,
,,,
,,,
,,,
,,,
,,,
,,,
,,,
,,,
,,,
,,,
,,,
,,,
,,,
,,,
,,,
,,,
,,,
,,,
,,,
,,,
,,,
,,,
,,,
,,,
,,,
,,,
,,,
,,,
,,,
,,,
,,,
,,,
,,,
,,,
,,,
,,,
,,,
,,,
,,,
,,,
,,,
,,,
,,,
,,,
,,,
,,,
,,,
,,,
,,,
,,,
,,,
,,,
,,,
,,,
,,,
,,,
,,,
,,,
,,,
,,,
,,,
,,,
,,,
,,,
,,,
,,,
,,,
,,,
,,,
,,,
,,,
,,,
,,,
,,,
,,,
,,,
,,,
,,,
,,,
,,,
,,,
,,,
,,,
,,,
,,,
,,,
,,,
,,,
,,,
,,,
,,,
,,,
,,,
,,,
,,,
,,,
,,,
,,,
,,,
,,,
,,,
,,,
,,,
,,,
,,,
,,,
,,,
,,,
,,,
,,,
,,,
,,,
,,,
,,,
,,,
,,,
,,,
,,,
,,,
,,,
,,,
,,,
,,,
,,,
,,,
,,,
,,,
,,,
,,,
,,,
,,,
,,,
,,,
,,,
,,,
,,,
,,,
,,,
,,,
,,,
,,,
,,,
,,,
,,,
,,,
,,,
,,,
,,,
,,,
,,,
,,,
,,,
,,,
,,,
,,,
,,,
,,,
,,,
,,,
,,,
,,,
,,,
,,,
,,,
,,,
,,,
,,,
,,,
,,,
,,,
,,,
,,,
,,,
,,,
,,,
,,,
,,,
,,,
,,,
,,,
,,,
,,,
,,,
,,,
,,,
,,,
,,,
,,,
,,,
,,,
,,,
,,,
,,,
,,,
,,,
,,,
,,,
,,,
,,,
,,,
,,,
,,,
,,,
,,,
,,,
,,,
,,,
,,,
,,,
,,,
,,,
,,,
,,,
,,,
,,,
,,,
,,,
,,,
,,,
,,,
,,,
,,,
,,,
,,,
,,,
,,,
,,,
,,,
,,,
,,,
,,,
,,,
,,,
,,,
,,,
,,,
,,,
,,,
,,,
,,,
,,,
,,,
,,,
,,,
,,,
,,,
,,,
,,,
,,,
,,,
,,,
,,,
,,,
,,,
,,,
,,,
,,,
,,,
,,,
,,,
,,,
,,,
,,,
,,,
,,,
,,,
,,,
,,,
,,,
,,,
,,,
,,,
,,,
,,,
,,,
,,,
,,,
,,,
,,,
,,,
,,,
,,,
,,,
,,,
,,,
,,,
,,,
,,,
,,,
,,,
,,,
,,,
,,,
,,,
,,,
,,,
,,,
,,,
,,,
,,,
,,,
,,,
,,,
,,,
,,,
,,,
,,,
,,,
,,,
,,,
,,,
,,,
,,,
,,,
,,,
,,,
,,,
,,,
,,,
,,,
,,,
,,,
,,,
,,,
,,,
,,,
,,,
,,,
,,,
,,,
,,,
,,,
,,,
,,,
,,,
,,,
,,,
,,,
,,,
,,,
,,,
,,,
,,,
,,,
,,,
,,,
,,,
,,,
,,,
,,,
,,,
,,,
,,,
,,,
,,,
,,,
,,,
,,,
,,,
,,,
,,,
,,,
,,,
,,,
,,,
,,,
,,,
,,,
,,,
,,,
,,,
,,,
,,,
,,,
,,,
,,,
,,,
,,,
,,,
,,,
,,,
,,,
,,,
,,,
,,,
,,,
,,,
,,,
,,,
,,,
,,,
,,,
,,,
,,,
,,,
,,,
,,,
,,,
,,,
,,,
,,,
,,,
,,,
,,,
,,,
,,,
,,,
,,,
,,,
,,,
,,,
,,,
,,,
,,,
,,,
,,,
,,,
,,,
,,,
,,,
,,,
,,,
,,,
,,,
,,,
,,,
,,,
,,,
,,,
,,,
,,,
,,,
,,,
,,,
,,,
,,,
,,,
,,,
,,,
,,,
,,,
,,,
,,,
,,,
,,,
,,,
,,,
,,,
,,,
,,,
,,,
,,,
,,,
,,,
,,,
,,,
,,,
,,,
,,,
,,,
,,,
,,,
,,,
,,,
,,,
,,,
,,,
,,,
,,,
,,,
,,,
,,,
,,,
,,,
,,,
,,,
,,,
,,,
,,,
,,,
,,,
,,,
,,,
,,,
,,,
,,,
,,,
,,,
,,,
,,,
,,,
,,,
,,,
,,,
,,,
,,,
,,,
,,,
,,,
,,,
,,,
,,,
,,,
,,,
,,,
,,,
,,,
,,,
,,,
,,,
,,,
,,,
,,,
,,,
,,,
,,,
,,,
,,,
,,,
,,,
,,,
,,,
,,,
,,,
,,,
,,,
,,,
,,,
,,,
,,,
,,,
,,,
,,,
,,,
,,,
,,,
,,,
,,,
,,,
,,,
,,,
,,,
,,,
,,,
,,,
,,,
,,,
,,,
,,,
,,,
,,,
,,,
,,,
,,,
,,,
,,,
,,,
,,,
,,,
,,,
,,,
,,,
,,,
,,,
,,,
,,,
,,,
,,,
,,,
,,,
,,,
,,,
,,,
,,,
,,,
,,,
,,,
,,,
,,,
,,,
,,,
,,,
,,,
,,,
,,,
,,,
,,,
,,,
,,,
,,,
,,,
,,,
,,,
,,,
,,,
,,,
,,,
,,,
,,,
,,,
,,,
,,,
,,,
,,,
,,,
,,,
,,,
,,,
,,,
,,,
,,,
,,,
,,,
,,,
,,,
,,,
,,,
,,,
,,,
,,,
,,,
,,,
,,,
,,,
,,,
,,,
,,,
,,,
,,,
,,,
,,,
,,,
,,,
,,,
,,,
,,,
,,,
,,,
,,,
,,,
,,,
,,,
,,,
,,,
,,,
,,,
,,,
,,,
,,,
,,,
,,,
,,,
,,,
,,,
,,,
,,,
,,,
,,,
,,,
,,,
,,,
,,,
,,,
,,,
,,,
,,,
,,,
,,,
,,,
,,,
,,,
,,,
,,,
,,,
,,,
,,,
,,,
,,,
,,,
,,,
,,,
,,,
,,,
,,,
,,,
,,,
,,,
,,,
,,,
,,,
,,,
,,,
,,,
,,,
,,,
,,,
,,,
,,,
,,,
,,,
,,,
,,,
,,,
,,,
,,,
,,,
,,,
,,,
,,,
,,,
,,,
,,,
,,,
,,,
,,,
,,,
,,,
,,,
,,,
,,,
,,,
,,,
,,,
,,,
,,,
,,,
,,,
,,,
,,,
,,,
,,,
,,,
,,,
,,,
,,,
,,,
,,,
,,,
,,,
,,,
,,,
,,,
,,,
,,,
,,,
,,,
,,,
,,,
,,,
,,,
,,,
,,,
,,,
,,,
,,,
,,,
,,,
,,,
,,,
,,,
,,,
,,,
,,,
,,,
,,,
,,,
,,,
,,,
,,,
,,,
,,,
,,,
,,,
,,,
,,,
,,,
,,,
,,,
,,,
,,,
,,,
,,,
,,,
,,,
,,,
,,,
,,,
,,,
,,,
,,,
,,,
,,,
,,,
,,,
,,,
,,,
,,,
,,,
,,,
,,,
,,,
,,,
,,,
,,,
,,,
,,,
,,,
,,,
,,,
,,,
,,,
,,,
,,,
,,,
,,,
,,,
,,,
,,,
,,,
,,,
,,,
,,,
,,,
,,,
,,,
,,,
,,,
,,,
,,,
,,,
,,,
,,,
,,,
,,,
,,,
,,,
,,,
,,,
,,,
,,,
,,,
,,,
,,,
,,,
,,,
,,,
,,,
,,,
,,,
,,,
,,,
,,,
,,,
,,,
,,,
,,,
,,,
,,,
,,,
,,,
,,,
,,,
,,,
,,,
,,,
,,,
,,,
,,,
,,,
,,,
,,,
,,,
,,,
,,,
,,,
,,,
,,,
,,,
,,,
,,,
,,,
,,,
,,,
,,,
,,,
,,,
,,,
,,,
,,,
,,,
,,,
,,,
,,,
,,,
,,,
,,,
,,,
,,,
,,,
,,,
,,,
,,,
,,,
,,,
,,,
,,,
,,,
,,,
,,,
,,,
,,,
,,,
,,,
,,,
,,,
,,,
,,,
,,,
,,,
,,,
,,,
,,,
,,,
,,,
,,,
,,,
,,,
,,,
,,,
,,,
,,,
,,,
,,,
,,,
,,,
,,,
,,,
,,,
,,,
,,,
,,,
,,,
,,,
,,,
,,,
,,,
,,,
,,,
,,,
,,,
,,,
,,,
,,,
,,,
,,,
,,,
,,,
,,,
,,,
,,,
,,,
,,,
,,,
,,,
,,,
,,,
,,,
,,,
,,,
,,,
,,,
,,,
,,,
,,,
,,,
,,,
,,,
,,,
,,,
,,,
,,,
,,,
,,,
,,,
,,,
,,,
,,,
,,,
,,,
,,,
,,,
,,,
,,,
,,,
,,,
,,,
,,,
,,,
,,,
,,,
,,,
,,,
,,,
,,,
,,,
,,,
,,,
,,,
,,,
,,,
,,,
,,,
,,,
,,,
,,,
,,,
,,,
,,,
,,,
,,,
,,,
,,,
,,,
,,,
,,,
,,,
,,,
,,,
,,,
,,,
,,,
,,,
,,,
,,,
,,,
,,,
,,,
,,,
,,,
,,,
,,,
,,,
,,,
,,,
,,,
,,,
,,,
,,,
,,,
,,,
,,,
,,,
,,,
,,,
,,,
,,,
,,,
,,,
,,,
,,,
,,,
,,,
,,,
,,,
,,,
,,,
,,,
,,,
,,,
,,,
,,,
,,,
,,,
,,,
,,,
,,,
,,,
,,,
,,,
,,,
,,,
,,,
,,,
,,,
,,,
,,,
,,,
,,,
,,,
,,,
,,,
,,,
,,,
,,,
,,,
,,,
,,,
,,,
,,,
,,,
,,,
,,,
,,,
,,,
,,,
,,,
,,,
,,,
,,,
,,,
,,,
,,,
,,,
,,,
,,,
,,,
,,,
,,,
,,,
,,,
,,,
,,,
,,,
,,,
,,,
,,,
,,,
,,,
,,,
,,,
,,,
,,,
,,,
,,,
,,,
,,,
,,,
,,,
,,,
,,,
,,,
,,,
,,,
,,,
,,,
,,,
,,,
,,,
,,,
,,,
,,,
,,,
,,,
,,,
,,,
,,,
,,,
,,,
,,,
,,,
,,,
,,,
,,,
,,,
,,,
,,,
,,,
,,,
,,,
,,,
,,,
,,,
,,,
,,,
,,,
,,,
,,,
,,,
,,,
,,,
,,,
,,,
,,,
,,,
,,,
,,,
,,,
,,,
,,,
,,,
,,,
,,,
,,,
,,,
,,,
,,,
,,,
,,,
,,,
,,,
,,,
,,,
,,,
,,,
,,,
,,,
,,,
,,,
,,,
,,,
,,,
,,,
,,,
,,,
,,,
,,,
,,,
,,,
,,,
,,,
,,,
,,,
,,,
,,,
,,,
,,,
,,,
,,,
,,,
,,,
,,,
,,,
,,,
,,,
,,,
,,,
,,,
,,,
,,,
,,,
,,,
,,,
,,,
,,,
,,,
,,,
,,,
,,,
,,,
,,,
,,,
,,,
,,,
,,,
,,,
,,,
,,,
,,,
,,,
,,,
,,,
,,,
,,,
,,,
,,,
,,,
,,,
,,,
,,,
,,,
,,,
,,,
,,,
,,,
,,,
,,,
,,,
,,,
,,,
,,,
,,,
,,,
,,,
,,,
,,,
,,,
,,,
,,,
,,,
,,,
,,,
,,,
,,,
,,,
,,,
,,,
,,,
,,,
,,,
,,,
,,,
,,,
,,,
,,,
,,,
,,,
,,,
,,,
,,,
,,,
,,,
,,,
,,,
,,,
,,,
,,,
,,,
,,,
,,,
,,,
,,,
,,,
,,,
,,,
,,,
,,,
,,,
,,,
,,,
,,,
,,,
,,,
,,,
,,,
,,,
,,,
,,,
,,,
,,,
,,,
,,,
,,,
,,,
,,,
,,,
,,,
,,,
,,,
,,,
,,,
,,,
,,,
,,,
,,,
,,,
,,,
,,,
,,,
,,,
,,,
,,,
,,,
,,,
,,,
,,,
,,,
,,,
,,,
,,,
,,,
,,,
,,,
,,,
,,,
,,,
,,,
,,,
,,,
,,,
,,,
,,,
,,,
,,,
,,,
,,,
,,,
,,,
,,,
,,,
,,,
,,,
,,,
,,,
,,,
,,,
,,,
,,,
,,,
,,,
,,,
,,,
,,,
,,,
,,,
,,,
,,,
,,,
,,,
,,,
,,,
,,,
,,,
,,,
,,,
,,,
,,,
,,,
,,,
,,,
,,,
,,,
,,,
,,,
,,,
,,,
,,,
,,,
,,,
,,,
,,,
,,,
,,,
,,,
,,,
,,,
,,,
,,,
,,,
,,,
,,,
,,,
,,,
,,,
,,,
,,,
,,,
,,,
,,,
,,,
,,,
,,,
,,,
,,,
,,,
,,,
,,,
,,,
,,,
,,,
,,,
,,,
,,,
,,,
,,,
,,,
,,,
,,,
,,,
,,,
,,,
,,,
,,,
,,,
,,,
,,,
,,,
,,,
,,,
,,,
,,,
,,,
,,,
,,,
,,,
,,,
,,,
,,,
,,,
,,,
,,,
,,,
,,,
,,,
,,,
,,,
,,,
,,,
,,,
,,,
,,,
,,,
,,,
,,,
,,,
,,,
,,,
,,,
,,,
,,,
,,,
,,,
,,,
,,,
,,,
,,,
,,,
,,,
,,,
,,,
,,,
,,,
,,,
,,,
,,,
,,,
,,,
,,,
,,,
,,,
,,,
,,,
,,,
,,,
,,,
,,,
,,,
,,,
,,,
,,,
,,,
,,,
,,,
,,,
,,,
,,,
,,,
,,,
,,,
,,,
,,,
,,,
,,,
,,,
,,,
,,,
,,,
,,,
,,,
,,,
,,,
,,,
,,,
,,,
,,,
,,,
,,,
,,,
,,,
,,,
,,,
,,,
,,,
,,,
,,,
,,,
,,,
,,,
,,,
,,,
,,,
,,,
,,,
,,,
,,,
,,,
,,,
,,,
,,,
,,,
,,,
,,,
,,,
,,,
,,,
,,,
,,,
,,,
,,,
,,,
,,,
,,,
,,,
,,,
,,,
,,,
,,,
,,,
,,,
,,,
,,,
,,,
,,,
,,,
,,,
,,,
,,,
,,,
,,,
,,,
,,,
,,,
,,,
,,,
,,,
,,,
,,,
,,,
,,,
,,,
,,,
,,,
,,,
,,,
,,,
,,,
,,,
,,,
,,,
,,,
,,,
,,,
,,,
,,,
,,,
,,,
,,,
,,,
,,,
,,,
,,,
,,,
,,,
,,,
,,,
,,,
,,,
,,,
,,,
,,,
,,,
,,,
,,,
,,,
,,,
,,,
,,,
,,,
,,,
,,,
,,,
,,,
,,,
,,,
,,,
,,,
,,,
,,,
,,,
,,,
,,,
,,,
,,,
,,,
,,,
,,,
,,,
,,,
,,,
,,,
,,,
,,,
,,,
,,,
,,,
,,,
,,,
,,,
,,,
,,,
,,,
,,,
,,,
,,,
,,,
,,,
,,,
,,,
,,,
,,,
,,,
,,,
,,,
,,,
,,,
,,,
,,,
,,,
,,,
,,,
,,,
,,,
,,,
,,,
,,,
,,,
,,,
,,,
,,,
,,,
,,,
,,,
,,,
,,,
,,,
,,,
,,,
,,,
,,,
,,,
,,,
,,,
,,,
,,,
,,,
,,,
,,,
,,,
,,,
,,,
,,,
,,,
,,,
,,,
,,,
,,,
,,,
,,,
,,,
,,,
,,,
,,,
,,,
,,,
,,,
,,,
,,,
,,,
,,,
,,,
,,,
,,,
,,,
,,,
,,,
,,,
,,,
,,,
,,,
,,,
,,,
,,,
,,,
,,,
,,,
,,,
,,,
,,,
,,,
,,,
,,,
,,,
,,,
,,,
,,,
,,,
,,,
,,,
,,,
,,,
,,,
,,,
,,,
,,,
,,,
,,,
,,,
,,,
,,,
,,,
,,,
,,,
,,,
,,,
,,,
,,,
,,,
,,,
,,,
,,,
,,,
,,,
,,,
,,,
,,,
,,,
,,,
,,,
,,,
,,,
,,,
,,,
,,,
,,,
,,,
,,,
,,,
,,,
,,,
,,,
,,,
,,,
,,,
,,,
,,,
,,,
,,,
,,,
,,,
,,,
,,,
,,,
,,,
,,,
,,,
,,,
,,,
,,,
,,,
,,,
,,,
,,,
,,,
,,,
,,,
,,,
,,,
,,,
,,,
,,,
,,,
,,,
,,,
,,,
,,,
,,,
,,,
,,,
,,,
,,,
,,,
,,,
,,,
,,,
,,,
,,,
,,,
,,,
,,,
,,,
,,,
,,,
,,,
,,,
,,,
,,,
,,,
,,,
,,,
,,,
,,,
,,,
,,,
,,,
,,,
,,,
,,,
,,,
,,,
,,,
,,,
,,,
,,,
,,,
,,,
,,,
,,,
,,,
,,,
,,,
,,,
,,,
,,,
,,,
,,,
,,,
,,,
,,,
,,,
,,,
,,,
,,,
,,,
,,,
,,,
,,,
,,,
,,,
,,,
,,,
,,,
,,,
,,,
,,,
,,,
,,,
,,,
,,,
,,,
,,,
,,,
,,,
,,,
,,,
,,,
,,,
,,,
,,,
,,,
,,,
,,,
,,,
,,,
,,,
,,,
,,,
,,,
,,,
,,,
,,,
,,,
,,,
,,,
,,,
,,,
,,,
,,,
,,,
,,,
,,,
,,,
,,,
,,,
,,,
,,,
,,,
,,,
,,,
,,,
,,,
,,,
,,,
,,,
,,,
,,,
,,,
,,,
,,,
,,,
,,,
,,,
,,,
,,,
,,,
,,,
,,,
,,,
,,,
,,,
,,,
,,,
,,,
,,,
,,,
,,,
,,,
,,,
,,,
,,,
,,,
,,,
,,,
,,,
,,,
,,,
,,,
,,,
,,,
,,,
,,,
,,,
,,,
,,,
,,,
,,,
,,,
,,,
,,,
,,,
,,,
,,,
,,,
,,,
,,,
,,,
,,,
,,,
,,,
,,,
,,,
,,,
,,,
,,,
,,,
,,,
,,,
,,,
,,,
,,,
,,,
,,,
,,,
,,,
,,,
,,,
,,,
,,,
,,,
,,,
,,,
,,,
,,,
,,,
,,,
,,,
,,,
,,,
,,,
,,,
,,,
,,,
,,,
,,,
,,,
,,,
,,,
,,,
,,,
,,,
,,,
,,,
,,,
,,,
,,,
,,,
,,,
,,,
,,,
,,,
,,,
,,,
,,,
,,,
,,,
,,,
,,,
,,,
,,,
,,,
,,,
,,,
,,,
,,,
,,,
,,,
,,,
,,,
,,,
,,,
,,,
,,,
,,,
,,,
,,,
,,,
,,,
,,,
,,,
,,,
,,,
,,,
,,,
,,,
,,,
,,,
,,,
,,,
,,,
,,,
,,,
,,,
,,,
,,,
,,,
,,,
,,,
,,,
,,,
,,,
,,,
,,,
,,,
,,,
,,,
,,,
,,,
,,,
,,,
,,,
,,,
,,,
,,,
,,,
,,,
,,,
,,,
,,,
,,,
,,,
,,,
,,,
,,,
,,,
,,,
,,,
,,,
,,,
,,,
,,,
,,,
,,,
,,,
,,,
,,,
,,,
,,,
,,,
,,,
,,,
,,,
,,,
,,,
,,,
,,,
,,,
,,,
,,,
,,,
,,,
,,,
,,,
,,,
,,,
,,,
,,,
,,,
,,,
,,,
,,,
,,,
,,,
,,,
,,,
,,,
,,,
,,,
,,,
,,,
,,,
,,,
,,,
,,,
,,,
,,,
,,,
,,,
,,,
,,,
,,,
,,,
,,,
,,,
,,,
,,,
,,,
,,,
,,,
,,,
,,,
,,,
,,,
,,,
,,,
,,,
,,,
,,,
,,,
,,,
,,,
,,,
,,,
,,,
,,,
,,,
,,,
,,,
,,,
,,,
,,,
,,,
,,,
,,,
,,,
,,,
,,,
,,,
,,,
,,,
,,,
,,,
,,,
,,,
,,,
,,,
,,,
,,,
,,,
,,,
,,,
,,,
,,,
,,,
,,,
,,,
,,,
,,,
,,,
,,,
,,,
,,,
,,,
,,,
,,,
,,,
,,,
,,,
,,,
,,,
,,,
,,,
,,,
,,,
,,,
,,,
,,,
,,,
,,,
,,,
,,,
,,,
,,,
,,,
,,,
,,,
,,,
,,,
,,,
,,,
,,,
,,,
,,,
,,,
,,,
,,,
,,,
,,,
,,,
,,,
,,,
,,,
,,,
,,,
,,,
,,,
,,,
,,,
,,,
,,,
,,,
,,,
,,,
,,,
,,,
,,,
,,,
,,,
,,,
,,,
,,,
,,,
,,,
,,,
,,,
,,,
,,,
,,,
,,,
,,,
,,,
,,,
,,,
,,,
,,,
,,,
,,,
,,,
,,,
,,,
,,,
,,,
,,,
,,,
,,,
,,,
,,,
,,,
,,,
,,,
,,,
,,,
,,,
,,,
,,,
,,,
,,,
,,,
,,,
,,,
,,,
,,,
,,,
,,,
,,,
,,,
,,,
,,,
,,,
,,,
,,,
,,,
,,,
,,,
,,,
,,,
,,,
,,,
,,,
,,,
,,,
,,,
,,,
,,,
,,,
,,,
,,,
,,,
,,,
,,,
,,,
,,,
,,,
,,,
,,,
,,,
,,,
,,,
,,,
,,,
,,,
,,,
,,,
,,,
,,,
,,,
,,,
,,,
,,,
,,,
,,,
,,,
,,,
,,,
,,,
,,,
,,,
,,,
,,,
,,,
,,,
,,,
,,,
,,,
,,,
,,,
,,,
,,,
,,,
,,,
,,,
,,,
,,,
,,,
,,,
,,,
,,,
,,,
,,,
,,,
,,,
,,,
,,,
,,,
,,,
,,,
,,,
,,,
,,,
,,,
,,,
,,,
,,,
,,,
,,,
,,,
,,,
,,,
,,,
,,,
,,,
,,,
,,,
,,,
,,,
,,,
,,,
,,,
,,,
,,,
,,,
,,,
,,,
,,,
,,,
,,,
,,,
,,,
,,,
,,,
,,,
,,,
,,,
,,,
,,,
,,,
,,,
,,,
,,,
,,,
,,,
,,,
,,,
,,,
,,,
,,,
,,,
,,,
,,,
,,,
,,,
,,,
,,,
,,,
,,,
,,,
,,,
,,,
,,,
,,,
,,,
,,,
,,,
,,,
,,,
,,,
,,,
,,,
,,,
,,,
,,,
,,,
,,,
,,,
,,,
,,,
,,,
,,,
,,,
,,,
,,,
,,,
,,,
,,,
,,,
,,,
,,,
,,,
,,,
,,,
,,,
,,,
,,,
,,,
,,,
,,,
,,,
,,,
,,,
